-- phpMyAdmin SQL Dump
-- version 5.1.0
-- https://www.phpmyadmin.net/
--
-- Hôte : localhost:8889
-- Généré le : ven. 06 déc. 2024 à 16:36
-- Version du serveur :  5.7.34
-- Version de PHP : 8.0.8

SET SQL_MODE = "NO_AUTO_VALUE_ON_ZERO";
START TRANSACTION;
SET time_zone = "+00:00";


/*!40101 SET @OLD_CHARACTER_SET_CLIENT=@@CHARACTER_SET_CLIENT */;
/*!40101 SET @OLD_CHARACTER_SET_RESULTS=@@CHARACTER_SET_RESULTS */;
/*!40101 SET @OLD_COLLATION_CONNECTION=@@COLLATION_CONNECTION */;
/*!40101 SET NAMES utf8mb4 */;

--
-- Base de données : `SAE303-VOD`
--

-- --------------------------------------------------------

--
-- Structure de la table `Customers`
--

CREATE TABLE `Customers` (
  `id` int(11) NOT NULL,
  `firs_name` varchar(50) DEFAULT NULL,
  `last_name` varchar(50) DEFAULT NULL,
  `email` varchar(50) DEFAULT NULL,
  `country` varchar(50) DEFAULT NULL,
  `city` varchar(50) DEFAULT NULL,
  `lat` varchar(50) DEFAULT NULL,
  `lng` varchar(50) DEFAULT NULL
) ENGINE=InnoDB DEFAULT CHARSET=utf8;

--
-- Déchargement des données de la table `Customers`
--

INSERT INTO `Customers` (`id`, `firs_name`, `last_name`, `email`, `country`, `city`, `lat`, `lng`) VALUES
(1, 'Aline', 'Doggett', 'adoggett0@github.com', 'Sweden', 'Kalmar', '55.3964727', '13.5973884'),
(2, 'Chas', 'Lenoir', 'clenoir1@indiatimes.com', 'Portugal', 'Lanhas', '41.6714042', '-8.410695'),
(3, 'Berkly', 'Lamprecht', 'blamprecht2@howstuffworks.com', 'Sweden', 'Överkalix', '66.2185015', '23.0524409'),
(4, 'Bibby', 'McLaren', 'bmclaren3@cnet.com', 'Sweden', 'Skanör', '55.4100741', '12.8520369'),
(5, 'Gale', 'Shilleto', 'gshilleto4@forbes.com', 'Greece', 'Stratónion', '40.5141742', '23.8254879'),
(6, 'Haskel', 'Shemelt', 'hshemelt5@europa.eu', 'Greece', 'Skotoússa', '41.1266172', '23.3819761'),
(7, 'Emiline', 'Bostick', 'ebostick6@ovh.net', 'Portugal', 'Mondim de Basto', '41.4112348', '-7.9526065'),
(8, 'Madge', 'Mound', 'mmound7@slate.com', 'Sweden', 'Arboga', '57.7193237', '11.9120278'),
(9, 'Anton', 'Braun', 'abraun8@tamu.edu', 'Portugal', 'Quintãs', '40.835835', '-7.8169615'),
(10, 'Gale', 'Wakeford', 'gwakeford9@myspace.com', 'Denmark', 'Frederiksberg', '55.6729118', '12.5457483'),
(11, 'Phillipe', 'Briskey', 'pbriskeya@mysql.com', 'France', 'Créteil', '48.7997482', '2.4699259'),
(12, 'Joscelin', 'Wooding', 'jwoodingb@ted.com', 'Greece', 'Filiátes', '39.6003316', '20.3077691'),
(13, 'Bernie', 'Coyish', 'bcoyishc@telegraph.co.uk', 'Portugal', 'Figueira dos Cavaleiros', '38.09234', '-8.204915'),
(14, 'Agnella', 'Ullett', 'aullettd@naver.com', 'Greece', 'Arísvi', '39.2303755', '26.2174959'),
(15, 'Nara', 'Latter', 'nlattere@state.tx.us', 'Sweden', 'Saltsjöbaden', '59.2803437', '18.2849323'),
(16, 'Rance', 'Formie', 'rformief@dell.com', 'Greece', 'Loutrá', '39.9276561', '23.5860574'),
(17, 'Tally', 'Mattheissen', 'tmattheisseng@imgur.com', 'Sweden', 'Norrahammar', '57.7594822', '14.1522619'),
(18, 'Gasper', 'Barden', 'gbardenh@miibeian.gov.cn', 'United Kingdom', 'Newton', '57.5842033', '-3.8847449'),
(19, 'Elonore', 'Holdron', 'eholdroni@google.es', 'France', 'Tournon-sur-Rhône', '45.052484', '4.8398662'),
(20, 'Benn', 'Amsberger', 'bamsbergerj@wiley.com', 'Sweden', 'Lysekil', '58.2774681', '11.4424559'),
(21, 'Biddy', 'Cregan', 'bcregank@cam.ac.uk', 'France', 'Paris 01', '43.4945737', '5.8978018'),
(22, 'Siward', 'McMenamie', 'smcmenamiel@yandex.ru', 'Sweden', 'Eslöv', '55.8431628', '13.2986314'),
(23, 'Neilla', 'Androck', 'nandrockm@bing.com', 'Sweden', 'Luleå', '65.5966234', '22.118526'),
(24, 'Quentin', 'Sheals', 'qshealsn@smugmug.com', 'Sweden', 'Bjästa', '63.2563101', '18.4484104'),
(25, 'Borg', 'Nation', 'bnationo@clickbank.net', 'Greece', 'Chrysó', '41.057857', '23.6514405'),
(26, 'Sonnnie', 'Gulland', 'sgullandp@mtv.com', 'Portugal', 'Peras Ruivas', '39.6507816', '-8.5452616'),
(27, 'Roselle', 'Falls', 'rfallsq@php.net', 'France', 'Metz', '49.1199699', '6.1650769'),
(28, 'Rebe', 'Esselin', 'resselinr@yolasite.com', 'Portugal', 'Vale', '41.2585481', '-8.1678248'),
(29, 'Alic', 'Josephov', 'ajosephovs@prlog.org', 'France', 'Marly-le-Roi', '48.829733', '2.1177361'),
(30, 'Genia', 'Brommage', 'gbrommaget@geocities.jp', 'Austria', 'Altenberg bei Linz', '48.3688297', '14.4310149'),
(31, 'Dara', 'Lockner', 'dlockneru@latimes.com', 'Portugal', 'Santa Maria da Feira', '40.9368325', '-8.5426466'),
(32, 'Alvera', 'Hordle', 'ahordlev@addtoany.com', 'Portugal', 'Agualva de Cima', '38.6087272', '-8.7312777'),
(33, 'Elke', 'Napleton', 'enapletonw@omniture.com', 'Portugal', 'Castanheira do Campo', '40.2278236', '-8.5382163'),
(34, 'Kare', 'Brannan', 'kbrannanx@de.vu', 'Sweden', 'Uppsala', '59.8621021', '17.6271867'),
(35, 'Jesse', 'Saggs', 'jsaggsy@dell.com', 'France', 'Roubaix', '50.7022235', '3.1685214'),
(36, 'Dale', 'Bann', 'dbannz@redcross.org', 'Sweden', 'Stockholm', '59.3289759', '18.0651149'),
(37, 'Marnie', 'Ranscombe', 'mranscombe10@nps.gov', 'Portugal', 'Azueira', '39.0107208', '-9.285291'),
(38, 'Jamima', 'Wife', 'jwife11@cargocollective.com', 'Germany', 'Hamburg', '53.5900195', '9.9897946'),
(39, 'Betta', 'Rittmeier', 'brittmeier12@about.me', 'Greece', 'Livádion', '37.1426639', '24.5137742'),
(40, 'Marj', 'Steeples', 'msteeples13@issuu.com', 'France', 'Le Mans', '47.9956173', '0.1924459'),
(41, 'Nester', 'Vamplew', 'nvamplew14@ucla.edu', 'Portugal', 'Gandra', '41.1872522', '-8.434873'),
(42, 'Lainey', 'Chaplyn', 'lchaplyn15@themeforest.net', 'Denmark', 'Frederiksberg', '55.676792', '12.5550935'),
(43, 'Quinton', 'Sconce', 'qsconce16@google.fr', 'France', 'Paris 17', '43.4945737', '5.8978018'),
(44, 'Minda', 'Arnaudet', 'marnaudet17@fastcompany.com', 'Greece', 'Kallithéa', '37.955893', '23.7020975'),
(45, 'Fallon', 'Mullins', 'fmullins18@4shared.com', 'Portugal', 'São Marcos da Serra', '37.3612982', '-8.3789043'),
(46, 'Armando', 'Jeppensen', 'ajeppensen19@flavors.me', 'Greece', 'Skála', '38.0740965', '20.7968395'),
(47, 'Cirilo', 'Harbinson', 'charbinson1a@meetup.com', 'Portugal', 'Corujeira', '41.2357155', '-8.4171648'),
(48, 'Redd', 'Huckett', 'rhuckett1b@123-reg.co.uk', 'Portugal', 'Ribeira das Taínhas', '37.7174366', '-25.4059734'),
(49, 'Roderic', 'Coper', 'rcoper1c@jimdo.com', 'France', 'Suresnes', '48.8706152', '2.2289339'),
(50, 'Laina', 'Aysh', 'laysh1d@google.pl', 'Spain', 'Gijon', '43.5162166', '-5.664252');

-- --------------------------------------------------------

--
-- Structure de la table `Movies`
--

CREATE TABLE `Movies` (
  `id` int(11) NOT NULL,
  `movie_title` varchar(50) DEFAULT NULL,
  `genre` varchar(9) DEFAULT NULL,
  `release_date` date DEFAULT NULL,
  `duration_minutes` int(11) DEFAULT NULL,
  `rating` decimal(3,1) DEFAULT NULL
) ENGINE=InnoDB DEFAULT CHARSET=utf8;

--
-- Déchargement des données de la table `Movies`
--

INSERT INTO `Movies` (`id`, `movie_title`, `genre`, `release_date`, `duration_minutes`, `rating`) VALUES
(1, 'Love Is All There Is', 'Animation', '1990-03-11', 155, '9.2'),
(2, 'Mona Lisa', 'Comedy', '2007-05-28', 80, '9.6'),
(3, 'The Noble Family', 'Animation', '2015-04-10', 134, '7.7'),
(4, 'We Live Again', 'Drama', '2017-01-12', 88, '5.9'),
(5, 'Tangled Ever After', 'Animation', '2017-06-14', 121, '3.2'),
(6, 'Bride Came C.O.D., The', 'Sci-Fi', '2002-03-06', 169, '3.4'),
(7, 'Southern Comfort', 'Thriller', '2011-06-18', 140, '7.9'),
(8, 'Girls Against Boys ', 'Sci-Fi', '2007-02-08', 116, '4.2'),
(9, 'Confessions of a Teenage Drama Queen', 'Sci-Fi', '2017-02-08', 139, '8.2'),
(10, 'Why Has Bodhi-Dharma Left for the East?: A Zen Fab', 'Thriller', '2013-08-09', 163, '8.2'),
(11, 'King of Jazz', 'Comedy', '1991-06-10', 108, '6.8'),
(12, 'Honey', 'Sci-Fi', '2012-08-16', 156, '5.2'),
(13, 'Love Is News', 'Action', '2016-03-01', 170, '9.9'),
(14, 'Not Quite Hollywood: The Wild, Untold Story of Ozp', 'Animation', '2000-10-02', 75, '4.4'),
(15, 'Meet Joe Black', 'Drama', '1991-04-12', 150, '4.4'),
(16, 'Heartbeat', 'Sci-Fi', '1994-03-13', 91, '6.1'),
(17, 'Year of Living Vicariously, The', 'Action', '2008-12-15', 161, '4.7'),
(18, 'Cube', 'Drama', '2014-11-05', 156, '6.3'),
(19, 'Mandela: Long Walk to Freedom', 'Comedy', '2023-08-27', 106, '9.2'),
(20, 'Jesus Is a Palestinian (Jezus is een Palestijn)', 'Romance', '1997-11-17', 176, '9.0'),
(21, 'Stoplight Society, The (La Sociedad del Semáforo)', 'Animation', '2000-05-06', 75, '7.1'),
(22, 'Berlin Is in Germany', 'Romance', '1999-07-29', 138, '8.4'),
(23, 'Soundtracker', 'Horror', '2013-11-14', 143, '3.7'),
(24, 'Don\'s Plum', 'Sci-Fi', '1997-04-13', 80, '5.5'),
(25, 'Carnival in Flanders (La kermesse héroïque)', 'Animation', '1997-08-01', 93, '4.9'),
(26, 'What Price Hollywood?', 'Horror', '2018-12-15', 121, '6.2'),
(27, 'D.E.B.S.', 'Comedy', '1991-01-28', 89, '7.0'),
(28, 'Highway to Hell', 'Horror', '1997-09-14', 133, '5.8'),
(29, 'Can\'t Stop the Music', 'Horror', '2024-04-20', 87, '7.6'),
(30, 'Mendy: A Question of Faith', 'Animation', '2002-05-03', 126, '9.8'),
(31, '33 Postcards', 'Action', '2021-03-11', 98, '8.3'),
(32, 'No Way to Treat a Lady', 'Action', '1999-08-30', 81, '7.7'),
(33, 'Les invincibles', 'Thriller', '2006-07-16', 116, '4.6'),
(34, 'Dakota', 'Sci-Fi', '1996-07-07', 159, '8.6'),
(35, 'Batman: The Dark Knight Returns, Part 2', 'Animation', '1994-07-16', 92, '9.6'),
(36, 'Flodder in Amerika!', 'Action', '2013-04-20', 128, '4.8'),
(37, 'PressPausePlay', 'Sci-Fi', '1995-11-14', 178, '3.3'),
(38, 'Something Borrowed', 'Sci-Fi', '2024-02-02', 155, '8.0'),
(39, 'Pink Panther Strikes Again, The', 'Sci-Fi', '1994-06-23', 60, '9.0'),
(40, 'Genghis Khan', 'Action', '2022-03-09', 66, '6.7'),
(41, 'Teddy Bear (Mis)', 'Action', '2000-12-30', 117, '3.7'),
(42, 'Long Good Friday, The', 'Comedy', '2000-04-09', 131, '4.1'),
(43, 'Sixty Six', 'Action', '2023-05-18', 149, '7.1'),
(44, 'Don Verdean', 'Horror', '2008-04-18', 101, '7.4'),
(45, 'Dragon Ball Z: The Return of Cooler (Doragon bôru ', 'Action', '2021-06-02', 129, '8.7'),
(46, 'Good Vibrations', 'Action', '2017-05-24', 105, '4.2'),
(47, 'Experience Preferred... But Not Essential', 'Animation', '2020-01-15', 123, '5.7'),
(48, 'Black Venus', 'Horror', '2012-01-22', 94, '6.6'),
(49, 'Captain Phillips', 'Thriller', '2020-07-05', 138, '4.7'),
(50, 'Disturbia', 'Action', '2011-06-24', 81, '6.4'),
(51, 'One Chance', 'Horror', '1995-04-19', 91, '8.6'),
(52, 'Annapolis', 'Thriller', '1995-11-02', 84, '5.2'),
(53, 'Superstar: The Karen Carpenter Story', 'Drama', '1997-10-20', 62, '8.8'),
(54, 'Ride the Divide', 'Thriller', '2022-03-28', 125, '4.8'),
(55, 'This Man Must Die (Que la bête meure)', 'Romance', '2022-05-07', 171, '6.6'),
(56, 'Walt & El Grupo', 'Thriller', '2017-12-26', 159, '8.8'),
(57, 'In the City of Sylvia (En la ciudad de Sylvia)', 'Horror', '2007-08-25', 136, '6.4'),
(58, 'Paradise Canyon', 'Action', '1999-06-12', 66, '7.1'),
(59, 'Holy Man', 'Horror', '2013-06-03', 88, '3.2'),
(60, 'Camouflage', 'Sci-Fi', '2017-05-26', 97, '6.0'),
(61, 'Company, The', 'Horror', '2018-10-12', 144, '8.9'),
(62, 'Lavender Hill Mob, The', 'Thriller', '1996-05-30', 144, '8.2'),
(63, 'Deathsport', 'Animation', '1997-01-26', 171, '9.1'),
(64, 'Airheads', 'Romance', '2017-09-05', 175, '8.7'),
(65, 'Didier', 'Sci-Fi', '2015-03-06', 68, '9.6'),
(66, 'Silencers, The', 'Action', '2009-03-01', 86, '9.7'),
(67, 'Federal Hill', 'Romance', '1999-07-03', 121, '4.3'),
(68, 'And Your Mother Too (Y tu mamá también)', 'Sci-Fi', '1991-02-25', 162, '4.2'),
(69, 'Aliyah (Alyah) ', 'Horror', '2024-01-11', 82, '7.2'),
(70, 'Life, Above All', 'Animation', '2022-10-16', 123, '9.1'),
(71, 'Down and Out in Beverly Hills', 'Sci-Fi', '2001-10-23', 173, '8.1'),
(72, 'End of America, The', 'Romance', '2024-02-19', 148, '3.1'),
(73, 'Only Old Men Are Going to Battle (V boy idut odni ', 'Action', '2008-03-16', 100, '3.6'),
(74, 'The Water Diviner', 'Horror', '1993-02-24', 125, '8.3'),
(75, 'Zatoichi the Fugitive (Zatôichi kyôjô-tabi) (Zatôi', 'Romance', '1990-08-17', 79, '3.8'),
(76, 'The Young Savages', 'Sci-Fi', '1990-08-09', 70, '5.3'),
(77, 'This Is England', 'Horror', '2003-11-27', 157, '8.5'),
(78, 'Lady Be Good', 'Drama', '2020-10-11', 96, '5.3'),
(79, 'September Dawn', 'Comedy', '2010-04-26', 63, '4.1'),
(80, 'Black Sheep (Schwarze Schafe)', 'Thriller', '2024-03-10', 74, '6.3'),
(81, 'Flawless', 'Comedy', '2023-09-27', 94, '8.7'),
(82, 'Bereavement', 'Thriller', '2019-12-05', 142, '9.7'),
(83, 'Rock, The', 'Comedy', '1992-02-20', 81, '5.5'),
(84, 'Born Reckless', 'Animation', '2016-06-28', 115, '3.6'),
(85, 'Intruder, The', 'Romance', '1990-06-16', 128, '9.9'),
(86, 'Mooz-lum', 'Romance', '2013-01-19', 162, '7.2'),
(87, 'We Live in Public', 'Comedy', '2018-02-02', 94, '4.2'),
(88, 'Snowbeast', 'Thriller', '2003-06-11', 155, '5.0'),
(89, 'Winnie the Pooh and the Honey Tree', 'Drama', '2002-09-15', 163, '3.2'),
(90, 'Inglorious Bastards (Quel maledetto treno blindato', 'Sci-Fi', '2002-02-12', 150, '5.3'),
(91, 'Where\'s Marlowe?', 'Drama', '2013-02-26', 98, '4.2'),
(92, 'Munich', 'Romance', '1990-08-12', 60, '6.2'),
(93, 'Intimidation', 'Sci-Fi', '2010-03-10', 175, '9.4'),
(94, 'Blue Gold: World Water Wars', 'Animation', '2018-10-26', 78, '6.0'),
(95, 'Tenebre', 'Horror', '2018-02-26', 88, '5.8'),
(96, 'Mad Bastards', 'Romance', '2009-10-12', 135, '7.4'),
(97, 'Dead Silent', 'Action', '1990-12-16', 162, '9.8'),
(98, 'Man Called Sledge, A', 'Thriller', '1994-04-29', 101, '3.7'),
(99, 'Watermelon Woman, The', 'Action', '2003-11-27', 161, '9.2'),
(100, 'Thunderbirds Are GO', 'Romance', '2006-05-22', 84, '6.7'),
(101, 'Gloriously Wasted', 'Sci-Fi', '2008-01-29', 77, '8.0'),
(102, 'All at Sea', 'Animation', '2014-11-01', 179, '4.6'),
(103, 'Reefer Madness: The Movie Musical', 'Animation', '2011-09-21', 113, '5.2'),
(104, '13 Beloved (13 game sayawng)', 'Drama', '1999-07-23', 82, '6.7'),
(105, 'Grateful Dawg', 'Sci-Fi', '1996-06-08', 167, '7.0'),
(106, 'Not Quite Hollywood: The Wild, Untold Story of Ozp', 'Sci-Fi', '1993-03-31', 169, '7.3'),
(107, 'Invisible Invaders', 'Thriller', '2001-09-11', 60, '8.5'),
(108, 'Midnight (Primeiro Dia, O)', 'Drama', '1997-07-08', 166, '8.2'),
(109, 'Mildred Pierce', 'Action', '2013-02-25', 171, '7.5'),
(110, 'Downeast', 'Romance', '2005-06-08', 80, '4.5'),
(111, 'Stormbreaker (Alex Rider: Operation Stormbreaker)', 'Comedy', '2014-10-25', 163, '3.9'),
(112, 'Gentleman\'s Game, A', 'Animation', '2018-05-11', 166, '3.8'),
(113, 'Ghost in the Machine (a.k.a. Deadly Terror)', 'Horror', '2001-02-05', 178, '9.9'),
(114, 'Brother\'s War', 'Romance', '2019-12-14', 63, '8.5'),
(115, 'Running Scared', 'Animation', '2018-07-03', 63, '5.4'),
(116, 'Haiku Tunnel', 'Sci-Fi', '2009-10-24', 101, '4.5'),
(117, 'Erendira', 'Thriller', '2022-03-01', 87, '9.1'),
(118, 'Åsa-Nisse - Wälkom to Knohult', 'Action', '2011-01-27', 64, '7.9'),
(119, 'Gaslight', 'Horror', '2000-02-06', 166, '7.8'),
(120, 'Beyond the Valley of the Dolls', 'Thriller', '2020-09-27', 150, '8.2'),
(121, 'Hypnotist, The (Hypnotisören)', 'Animation', '2014-02-22', 147, '6.9'),
(122, 'Real Women Have Curves', 'Horror', '2000-08-03', 82, '5.8'),
(123, 'Hell in the Pacific', 'Drama', '1994-10-28', 123, '3.9'),
(124, 'One Man\'s Hero', 'Comedy', '2006-11-12', 144, '8.7'),
(125, 'Like Father, Like Son (Soshite chichi ni naru)', 'Action', '2000-08-01', 160, '7.2'),
(126, 'Piñero', 'Horror', '1996-02-05', 130, '5.9'),
(127, 'Le convoyeur', 'Thriller', '2000-12-13', 176, '5.2'),
(128, 'Arizona Raiders', 'Action', '2000-11-26', 103, '6.5'),
(129, 'Devil Doll', 'Action', '1996-05-04', 173, '9.1'),
(130, 'War of the Gargantuas, The (Furankenshutain no kai', 'Romance', '2004-11-19', 97, '7.9'),
(131, 'Dish, The', 'Sci-Fi', '1999-01-05', 72, '8.8'),
(132, 'Adventures of Arsène Lupin, The (Aventures d\'Arsèn', 'Romance', '2012-02-11', 180, '8.9'),
(133, 'Life as We Know It', 'Thriller', '2006-01-12', 141, '6.5'),
(134, 'City Lights', 'Thriller', '2015-04-17', 141, '9.7'),
(135, 'Dark Crystal, The', 'Thriller', '2013-01-21', 74, '4.1'),
(136, 'Redemption (Hummingbird)', 'Drama', '1998-01-17', 138, '5.0'),
(137, 'Broken Lance', 'Sci-Fi', '2017-09-18', 110, '9.4'),
(138, 'Fading Gigolo', 'Comedy', '2021-10-21', 85, '8.8'),
(139, 'Young Master, The (Shi di chu ma)', 'Thriller', '2009-08-07', 85, '5.1'),
(140, 'Nazis Strike, The (Why We Fight, 2)', 'Action', '1997-03-07', 132, '9.8'),
(141, 'Kwik Stop', 'Sci-Fi', '2003-04-17', 64, '9.1'),
(142, 'Secret World of Arrietty, The (Kari-gurashi no Ari', 'Comedy', '2004-09-03', 122, '6.4'),
(143, 'Alamo Bay', 'Thriller', '1998-06-18', 62, '8.8'),
(144, 'Once Upon a Forest', 'Comedy', '2020-01-19', 152, '6.5'),
(145, 'Go', 'Drama', '2018-08-14', 159, '3.5'),
(146, 'Domino', 'Thriller', '2002-03-29', 171, '3.4'),
(147, 'Now and Forever', 'Action', '2002-01-22', 110, '9.4'),
(148, 'How Stella Got Her Groove Back', 'Action', '2015-02-19', 179, '4.7'),
(149, 'Buddy Buddy', 'Horror', '1990-09-02', 118, '6.6'),
(150, 'Lessons of Darkness (Lektionen in Finsternis)', 'Animation', '2015-11-02', 89, '7.0'),
(151, 'Not with My Wife, You Don\'t!', 'Animation', '2001-02-26', 148, '4.4'),
(152, 'Danger! 50,000 Zombies', 'Romance', '2022-01-30', 98, '7.7'),
(153, 'Of Human Bondage', 'Romance', '2013-08-13', 130, '6.6'),
(154, 'Wave, The', 'Animation', '1996-01-17', 163, '4.2'),
(155, 'Trailer Park Boys: Don\'t Legalize It', 'Comedy', '2004-03-12', 92, '4.8'),
(156, 'Kid Millions', 'Drama', '2011-03-06', 145, '9.0'),
(157, 'Run for Cover', 'Sci-Fi', '2009-08-20', 140, '7.4'),
(158, 'Moebius', 'Sci-Fi', '2017-01-17', 121, '7.3'),
(159, 'Speechless', 'Drama', '2013-03-10', 99, '7.8'),
(160, 'Older Brother, Younger Sister (Ani imôto)', 'Thriller', '2011-08-04', 102, '5.8'),
(161, 'Simple Life of Noah Dearborn, The', 'Romance', '2020-03-09', 137, '7.9'),
(162, 'Talking Funny', 'Thriller', '1996-02-02', 85, '9.8'),
(163, 'Heist', 'Horror', '2010-05-29', 73, '5.5'),
(164, 'Violet & Daisy', 'Sci-Fi', '2016-04-10', 64, '6.6'),
(165, 'Storm in Summer, A', 'Romance', '2005-04-08', 99, '8.2'),
(166, 'Jönssonligan dyker upp igen', 'Animation', '1993-06-04', 115, '4.4'),
(167, 'Gacy', 'Horror', '2014-02-01', 168, '4.5'),
(168, 'Holiday (Jour de fête)', 'Horror', '1999-02-26', 168, '5.5'),
(169, 'Black or White', 'Thriller', '1990-05-30', 139, '6.7'),
(170, 'Lewis Black: Stark Raving Black', 'Sci-Fi', '2011-02-23', 74, '6.8'),
(171, 'Death Before Dishonor', 'Animation', '2016-09-28', 84, '8.7'),
(172, 'Yesterday Girl (Abschied von gestern - Anita G.)', 'Thriller', '1992-07-27', 99, '5.3'),
(173, 'Oliver Twist', 'Thriller', '2018-02-22', 151, '9.2'),
(174, 'My Son (Mon fils à moi)', 'Horror', '2006-11-17', 130, '6.2'),
(175, 'Fuga de cerebros', 'Action', '1993-02-01', 152, '6.9'),
(176, 'Evilenko', 'Horror', '2009-05-29', 165, '8.0'),
(177, 'Wonderful and Loved by All (Underbar och älskad av', 'Action', '2019-10-21', 97, '5.0'),
(178, 'Treatment, The', 'Drama', '1997-04-24', 103, '6.0'),
(179, 'I giorni contati', 'Action', '1994-01-17', 141, '9.4'),
(180, 'Dark Knight, The', 'Drama', '2007-06-09', 102, '3.5'),
(181, 'Sherlock Holmes and the Secret Weapon', 'Drama', '2015-06-15', 163, '5.4'),
(182, 'Keeping Mum', 'Animation', '2013-02-28', 111, '4.4'),
(183, 'Blue and the Gray, The', 'Comedy', '2009-04-13', 128, '9.0'),
(184, 'Sweet Sweetback\'s Baadasssss Song', 'Thriller', '2022-06-04', 145, '5.0'),
(185, 'Iceman', 'Sci-Fi', '2006-07-01', 179, '8.2'),
(186, 'President\'s Man: A Line in the Sand, The', 'Thriller', '2024-09-06', 164, '6.7'),
(187, 'Anotherworld', 'Action', '2016-10-27', 77, '4.7'),
(188, 'West of Zanzibar', 'Horror', '2005-11-25', 164, '5.4'),
(189, 'Three (a.k.a. 3)', 'Animation', '2011-03-07', 64, '8.7'),
(190, 'What\'s Eating Gilbert Grape', 'Sci-Fi', '2002-01-26', 88, '4.3'),
(191, 'Thieves by Law (Ganavim Ba Hok)', 'Sci-Fi', '1998-01-03', 96, '9.2'),
(192, 'Canon', 'Comedy', '2024-07-24', 73, '7.4'),
(193, 'Sniper, The', 'Drama', '1999-10-31', 130, '7.3'),
(194, '30 Days of Night: Dark Days', 'Drama', '2014-11-18', 96, '6.5'),
(195, 'Naked Spur, The', 'Comedy', '2024-03-07', 127, '4.0'),
(196, 'Every Night Dreams (Each Night I Dream) (Yogoto no', 'Sci-Fi', '2014-07-24', 171, '9.5'),
(197, 'Decoder', 'Romance', '1990-06-03', 88, '9.9'),
(198, 'Never Talk to Strangers', 'Horror', '1990-07-30', 106, '6.9'),
(199, 'Santa Claus Conquers the Martians', 'Thriller', '1996-12-22', 122, '8.9'),
(200, 'Girl with a Pearl Earring', 'Comedy', '1999-02-23', 106, '7.4'),
(201, 'Kramer vs. Kramer', 'Comedy', '2019-11-03', 179, '3.7'),
(202, 'Extreme Justice', 'Thriller', '2004-06-07', 109, '9.2'),
(203, 'Inside Moves', 'Action', '1993-03-19', 113, '4.8'),
(204, 'Man from Down Under, The', 'Sci-Fi', '2004-11-07', 178, '3.3'),
(205, 'Fires Were Started', 'Sci-Fi', '2001-10-08', 70, '8.4'),
(206, 'If I Were King', 'Action', '2007-10-28', 112, '6.3'),
(207, 'Charlie, the Lonesome Cougar', 'Sci-Fi', '1997-02-07', 172, '7.8'),
(208, 'Banishment, The (Izgnanie)', 'Comedy', '2001-12-10', 133, '3.2'),
(209, 'Katzelmacher', 'Drama', '2016-01-06', 179, '4.9'),
(210, 'Love Simple', 'Romance', '2004-08-06', 96, '3.4'),
(211, 'Forgotten, The', 'Comedy', '2014-03-26', 158, '9.5'),
(212, 'His Brother (Son frère)', 'Animation', '2004-02-18', 63, '5.5'),
(213, 'To Live and Die in L.A.', 'Action', '1990-11-10', 76, '7.9'),
(214, 'Distant Drums', 'Horror', '2018-06-22', 105, '3.3'),
(215, 'Hard Rain', 'Horror', '2003-03-22', 142, '8.9'),
(216, 'Screaming Skull, The', 'Horror', '2016-10-15', 68, '8.0'),
(217, 'Freud: The Secret Passion', 'Thriller', '2014-10-17', 91, '4.6'),
(218, 'Knock Off', 'Comedy', '2020-11-15', 92, '5.1'),
(219, 'Bonneville', 'Comedy', '2004-09-14', 174, '7.3'),
(220, 'Friday the 13th Part VIII: Jason Takes Manhattan', 'Horror', '2006-10-10', 166, '7.8'),
(221, 'Slim Carter', 'Comedy', '2009-04-28', 168, '4.7'),
(222, 'Resident Evil: Degeneration (Baiohazâdo: Dijenerês', 'Horror', '1990-07-15', 131, '6.7'),
(223, '13 Fighting Men', 'Animation', '1999-03-02', 70, '3.8'),
(224, 'Against the Ropes', 'Thriller', '2015-11-18', 68, '4.9'),
(225, 'Trap, The (Klopka)', 'Action', '2008-12-19', 114, '6.7'),
(226, 'Dracula Untold', 'Action', '2015-01-05', 66, '8.4'),
(227, 'Silver Linings Playbook', 'Drama', '1998-03-19', 113, '6.3'),
(228, 'Sumo Do, Sumo Don\'t (Shiko funjatta)', 'Action', '1992-06-16', 152, '4.2'),
(229, 'Keeper of Lost Causes, The (Kvinden i buret)', 'Comedy', '2017-11-01', 162, '8.9'),
(230, 'Applause (Applaus)', 'Sci-Fi', '1991-11-14', 159, '3.2'),
(231, 'Vendetta', 'Thriller', '2011-05-12', 154, '6.4'),
(232, 'Tamara', 'Sci-Fi', '2004-01-24', 116, '5.4'),
(233, 'Shrek 2', 'Action', '1999-11-21', 85, '3.6'),
(234, 'Identity Thief', 'Drama', '2007-11-01', 109, '4.6'),
(235, 'Raiders From Beneath the Sea', 'Romance', '2003-11-13', 117, '8.5'),
(236, 'Broken Bridges', 'Thriller', '2021-02-24', 159, '7.4'),
(237, 'Banklady', 'Romance', '2012-08-26', 115, '6.5'),
(238, 'Suck', 'Action', '2001-03-20', 67, '5.7'),
(239, 'Jackpot 2', 'Thriller', '2016-12-29', 177, '4.1'),
(240, 'Break-in', 'Romance', '2014-08-10', 63, '4.7'),
(241, 'Love Object', 'Thriller', '1990-06-07', 97, '7.9'),
(242, 'Far Country, The', 'Thriller', '2024-12-03', 92, '3.1'),
(243, 'Capture of Bigfoot, The', 'Comedy', '2010-02-12', 64, '6.3'),
(244, 'Between Heaven and Hell', 'Drama', '2024-09-19', 140, '6.6'),
(245, 'Unloved, The', 'Horror', '2005-05-11', 136, '8.0'),
(246, 'All I Want for Christmas', 'Comedy', '2009-08-31', 78, '6.3'),
(247, 'Prisoner of Paradise', 'Romance', '2018-04-16', 154, '3.6'),
(248, 'Letters from a Killer', 'Animation', '1991-01-12', 96, '7.4'),
(249, 'Alexander the Great', 'Comedy', '2021-07-13', 105, '4.5'),
(250, 'Adrenalin: Fear the Rush', 'Action', '2009-01-21', 174, '6.0'),
(251, 'Dead Presidents', 'Horror', '1990-06-20', 163, '4.9'),
(252, 'Dallas 362', 'Romance', '1992-08-17', 127, '5.0'),
(253, 'Liz & Dick ', 'Sci-Fi', '2001-05-04', 104, '5.1'),
(254, 'Pokrajina St.2', 'Comedy', '2020-03-23', 61, '4.7'),
(255, 'When the Levees Broke: A Requiem in Four Acts', 'Sci-Fi', '2006-09-15', 60, '6.0'),
(256, 'God\'s Sandbox (Tahara)', 'Sci-Fi', '2014-11-23', 175, '7.8'),
(257, 'Black God, White Devil (Deus e o Diabo na Terra do', 'Comedy', '2004-03-09', 88, '6.0'),
(258, 'Cars That Ate Paris, The', 'Drama', '2008-07-21', 130, '8.9'),
(259, 'Conviction', 'Horror', '1995-04-15', 123, '8.8'),
(260, 'Made in America', 'Drama', '2004-06-24', 116, '4.8'),
(261, 'Bloody Angels (1732 Høtten: Marerittet har et post', 'Thriller', '2024-06-03', 97, '6.9'),
(262, 'Babar The Movie', 'Drama', '2001-01-22', 83, '7.5'),
(263, 'Shaft', 'Drama', '1999-06-23', 82, '8.1'),
(264, 'Photos in the City of Sylvia (Unas fotos en la ciu', 'Romance', '2004-02-11', 113, '8.6'),
(265, 'Legend of the Lost', 'Thriller', '1998-07-17', 172, '8.4'),
(266, 'Boys in the Band, The', 'Thriller', '2015-07-28', 124, '7.2'),
(267, 'Cuba', 'Animation', '2011-06-08', 140, '4.4'),
(268, 'There\'s Always Tomorrow', 'Action', '2024-03-13', 170, '3.2'),
(269, 'Theodore Rex', 'Drama', '1990-02-27', 91, '8.7'),
(270, 'Slaughter', 'Action', '2013-05-18', 81, '7.3'),
(271, 'Eye for an Eye, An', 'Horror', '2021-09-26', 104, '9.0'),
(272, 'Doom', 'Drama', '2015-10-14', 98, '8.1'),
(273, 'All About the Benjamins', 'Romance', '2019-06-01', 180, '5.7'),
(274, 'Game of Werewolves', 'Thriller', '2000-04-14', 68, '6.7'),
(275, 'Snarveien (Detour)', 'Thriller', '2019-07-30', 137, '3.3'),
(276, 'a/k/a Tommy Chong', 'Thriller', '2008-09-29', 127, '6.7'),
(277, 'Madonna: Truth or Dare', 'Thriller', '1997-10-22', 98, '8.6'),
(278, 'Bedtime Stories', 'Animation', '1999-06-01', 95, '6.9'),
(279, 'Children of Huang Shi, The', 'Horror', '2000-05-12', 67, '8.8'),
(280, 'Trouble with Angels, The', 'Romance', '2010-09-23', 160, '9.5'),
(281, 'Green Dolphin Street', 'Drama', '1994-05-02', 103, '9.6'),
(282, 'Warriors of Heaven and Earth (Tian di ying xiong)', 'Horror', '2021-11-01', 130, '9.7'),
(283, 'Tuxedo, The', 'Comedy', '2000-06-23', 113, '9.6'),
(284, 'Red Psalm (Még kér a nép)', 'Romance', '1995-06-23', 86, '5.5'),
(285, 'Army of Darkness', 'Romance', '2022-02-18', 77, '7.5'),
(286, 'Bogus', 'Sci-Fi', '2008-10-12', 68, '8.0'),
(287, 'T-Rex: Back to the Cretaceous', 'Animation', '2011-06-27', 174, '7.0'),
(288, 'I Was A Communist for the FBI', 'Animation', '1993-10-22', 144, '6.9'),
(289, 'Wild Wild West', 'Drama', '2001-01-27', 112, '9.2'),
(290, 'Picture This', 'Animation', '2018-01-30', 135, '7.7'),
(291, 'Fury', 'Drama', '2003-10-05', 180, '8.8'),
(292, 'Side Street', 'Action', '2018-10-23', 85, '8.8'),
(293, 'This Is England', 'Horror', '2009-03-14', 109, '6.5'),
(294, 'Head Over Heels', 'Drama', '2004-08-03', 150, '3.5'),
(295, 'Natural Born Killers', 'Drama', '1997-02-19', 87, '8.7'),
(296, 'Vizontele Tuuba', 'Action', '2005-06-02', 158, '7.1'),
(297, 'Waiting for Happiness (Heremakono)', 'Animation', '2022-06-04', 75, '9.8'),
(298, 'Dolores Claiborne', 'Thriller', '2014-10-24', 144, '7.0'),
(299, 'Godzilla Against MechaGodzilla (Gojira tai Mekagoj', 'Thriller', '1999-02-27', 174, '9.9'),
(300, 'Dancer Upstairs, The', 'Drama', '2023-11-03', 180, '5.9'),
(301, 'Boomerang', 'Comedy', '2013-09-28', 60, '7.4'),
(302, 'Shrek the Musical', 'Sci-Fi', '2014-02-27', 172, '7.2'),
(303, 'Milius', 'Sci-Fi', '2023-02-14', 74, '4.6'),
(304, 'Body of Evidence', 'Action', '2011-09-02', 60, '4.1'),
(305, 'Fighting Prince of Donegal, The', 'Comedy', '1998-05-16', 159, '5.7'),
(306, 'Hedwig and the Angry Inch', 'Thriller', '2022-12-23', 162, '7.4'),
(307, 'Hello Again', 'Action', '1996-11-22', 106, '8.8'),
(308, 'Gamera vs. Gyaos (Daikaijû kûchûsen: Gamera tai Gy', 'Horror', '2017-09-18', 111, '5.6'),
(309, 'Winter\'s Bone', 'Comedy', '2020-09-27', 176, '8.0'),
(310, 'Last King of Scotland, The', 'Action', '2002-05-17', 134, '3.2'),
(311, 'Andromeda Strain, The', 'Drama', '1990-10-04', 65, '9.0'),
(312, 'Feast III: The Happy Finish', 'Horror', '2024-06-04', 160, '7.7'),
(313, 'Things Are Tough All Over', 'Romance', '2013-08-27', 137, '8.2'),
(314, 'Ride the High Country', 'Animation', '2023-08-14', 179, '5.7'),
(315, 'Doctor X', 'Drama', '2005-03-12', 133, '6.9'),
(316, 'Killing Room, The', 'Sci-Fi', '2010-09-27', 80, '5.4'),
(317, 'Class of 1984', 'Drama', '1998-03-30', 167, '4.0'),
(318, 'Angels in the Outfield', 'Romance', '2001-07-12', 77, '6.2'),
(319, 'Azumi', 'Action', '1997-08-23', 93, '6.2'),
(320, 'Deadtime Stories', 'Sci-Fi', '1993-02-10', 158, '3.2'),
(321, 'We Feed the World', 'Horror', '2003-04-24', 136, '5.7'),
(322, 'Kagemusha', 'Horror', '2021-11-19', 69, '3.4'),
(323, 'Pursuit to Algiers', 'Romance', '1993-05-30', 142, '4.6'),
(324, 'Trials of Muhammad Ali, The', 'Action', '2005-01-31', 73, '8.9'),
(325, 'Petrified Forest, The', 'Romance', '1995-10-18', 115, '8.4'),
(326, 'Violet Tendencies', 'Horror', '2014-07-02', 108, '3.8'),
(327, 'Trapeze', 'Horror', '2005-02-18', 88, '6.6'),
(328, 'Ex, The', 'Thriller', '1993-10-20', 114, '4.3'),
(329, 'Sexual Life', 'Sci-Fi', '2018-08-16', 154, '3.3'),
(330, 'Hawaii', 'Action', '1994-11-27', 103, '7.6'),
(331, 'The Vengeance of Fu Manchu', 'Romance', '1999-02-20', 153, '5.7'),
(332, 'Heidi', 'Drama', '2013-09-12', 163, '7.0'),
(333, 'Naked Edge, The', 'Sci-Fi', '2015-09-04', 120, '4.3'),
(334, 'The Real Glory', 'Comedy', '1995-12-15', 89, '8.3'),
(335, 'Today\'s Special', 'Horror', '2004-02-13', 102, '3.5'),
(336, 'Basket Case 2', 'Thriller', '2018-01-19', 69, '4.3'),
(337, 'Fort McCoy', 'Drama', '2012-10-31', 151, '5.5'),
(338, 'Never Let Me Go', 'Thriller', '2000-01-14', 161, '4.3'),
(339, 'Some Girl(s)', 'Drama', '2005-07-06', 128, '5.2'),
(340, 'Disconnect', 'Comedy', '1991-12-09', 133, '7.1'),
(341, 'R.S.V.P. ', 'Action', '2010-12-23', 97, '9.3'),
(342, 'In the Mouth of Madness', 'Comedy', '2018-07-26', 148, '8.9'),
(343, 'Bostonians, The', 'Romance', '2010-03-19', 94, '8.8'),
(344, 'Predator 2', 'Action', '1999-02-10', 119, '4.9'),
(345, 'Deadly Trackers, The', 'Thriller', '2000-02-11', 65, '6.3'),
(346, 'Outrageous Class (Hababam sinifi)', 'Drama', '1991-10-05', 97, '6.2'),
(347, 'Restraint', 'Sci-Fi', '2008-01-28', 124, '3.8'),
(348, 'Stardust', 'Romance', '2008-04-08', 81, '9.7'),
(349, 'Another Man\'s Poison', 'Drama', '2003-11-10', 68, '8.5'),
(350, 'Sabrina', 'Romance', '2023-01-13', 73, '5.1'),
(351, 'Rat', 'Animation', '2005-03-30', 171, '7.1'),
(352, 'Nothing But Ghosts (Nichts als Gespenster)', 'Horror', '1996-04-01', 145, '6.2'),
(353, 'Bowfinger', 'Thriller', '2000-07-15', 105, '8.0'),
(354, 'The Butterfly Effect 3: Revelations', 'Thriller', '1998-03-27', 156, '5.7'),
(355, 'Prom Night', 'Comedy', '2018-02-20', 92, '7.6'),
(356, 'Family Tree (L\'arbre et la forêt)', 'Horror', '1990-01-11', 153, '8.5'),
(357, 'Just Pals', 'Romance', '1997-04-02', 112, '6.5'),
(358, 'Chatroom', 'Sci-Fi', '2004-05-27', 127, '4.5'),
(359, 'Almost Famous', 'Drama', '2001-03-20', 169, '5.5'),
(360, 'Rocks in my Pockets', 'Action', '1995-01-25', 110, '5.0'),
(361, 'Just Friends', 'Drama', '2024-07-20', 171, '3.2'),
(362, 'Lone Ranger, The', 'Sci-Fi', '2009-04-11', 89, '9.2'),
(363, 'Kiki\'s Delivery Service (Majo no takkyûbin)', 'Animation', '2000-12-07', 117, '7.6'),
(364, 'Amuck!', 'Romance', '2004-09-23', 108, '7.5'),
(365, 'Bribe, The', 'Horror', '2003-11-11', 132, '9.5'),
(366, 'Mrs. Brown (a.k.a. Her Majesty, Mrs. Brown)', 'Drama', '1990-08-15', 93, '8.5'),
(367, 'Householder, The (Gharbar)', 'Sci-Fi', '2024-11-08', 71, '6.8'),
(368, 'Oxygen', 'Thriller', '1991-02-10', 106, '7.2'),
(369, 'Suzhou River (Suzhou he)', 'Sci-Fi', '2019-04-19', 170, '8.0'),
(370, 'American Wedding (American Pie 3)', 'Action', '2018-07-29', 94, '3.1'),
(371, 'I Will Follow You Into the Dark', 'Action', '1996-12-05', 80, '8.9'),
(372, 'Manolito Four Eyes', 'Drama', '2000-07-13', 176, '6.0'),
(373, 'Hedwig and the Angry Inch', 'Horror', '1990-01-02', 139, '7.4'),
(374, 'Eastern Drift (Indigène d\'Eurasie)', 'Romance', '2022-09-14', 82, '8.6'),
(375, 'Cold Trail (Köld slóð)', 'Drama', '2004-03-12', 104, '5.8'),
(376, 'Hardcover', 'Romance', '2019-11-16', 136, '6.3'),
(377, 'Sicko', 'Romance', '2013-06-22', 81, '9.5'),
(378, 'Hitchhiker\'s Guide to the Galaxy, The', 'Romance', '2002-11-08', 161, '9.8'),
(379, 'Ringu 2 (Ring 2)', 'Romance', '2007-01-02', 67, '5.1'),
(380, 'Cannery Row', 'Action', '2019-05-05', 159, '5.0'),
(381, 'Zazie dans le métro', 'Horror', '1997-11-11', 94, '3.8'),
(382, 'Interstate 60', 'Thriller', '2008-04-26', 87, '8.8'),
(383, 'U.S. Marshals', 'Romance', '1999-12-06', 114, '4.3'),
(384, 'Happy People: A Year in the Taiga', 'Animation', '2000-09-22', 156, '7.6'),
(385, 'Absurdistan', 'Thriller', '1992-10-03', 141, '8.5'),
(386, 'The White Haired Witch of Lunar Kingdom', 'Drama', '2011-03-12', 141, '7.9'),
(387, 'Hotel Reserve', 'Animation', '1996-06-23', 155, '6.8'),
(388, 'Doctor Dolittle', 'Action', '1998-11-10', 78, '6.1'),
(389, 'Tales from the Gimli Hospital', 'Horror', '2004-03-29', 167, '4.0'),
(390, 'Off the Map', 'Comedy', '2020-09-12', 74, '6.7'),
(391, 'Out of the Ashes', 'Romance', '1999-04-30', 155, '3.3'),
(392, '4.3.2.1', 'Comedy', '1996-03-14', 70, '8.7'),
(393, 'Five Corners', 'Thriller', '2015-08-12', 161, '5.0'),
(394, 'Homeward Bound II: Lost in San Francisco', 'Comedy', '1995-04-23', 79, '8.4'),
(395, 'Planet Ocean', 'Drama', '2008-03-31', 100, '7.2'),
(396, 'Pekko ja unissakävelijä', 'Animation', '2020-12-06', 85, '7.6'),
(397, 'Sex Lives of the Potato Men', 'Action', '1997-06-15', 124, '9.0'),
(398, 'Clerks', 'Sci-Fi', '1993-05-08', 175, '9.2'),
(399, 'Children of Noisy Village, The (a.k.a Children of ', 'Horror', '2003-06-25', 109, '6.0'),
(400, 'National Gallery', 'Sci-Fi', '2017-04-21', 122, '4.7'),
(401, 'Inside (À l\'intérieur)', 'Animation', '2011-01-09', 108, '3.6'),
(402, 'Beowulf & Grendel', 'Thriller', '1993-09-05', 132, '3.6'),
(403, 'Lemon Tree', 'Comedy', '1996-08-24', 132, '5.5'),
(404, 'Downfall (Untergang, Der)', 'Drama', '1990-06-06', 86, '5.3'),
(405, 'Housebound', 'Drama', '2023-03-04', 112, '7.6'),
(406, 'Dementia 13', 'Comedy', '1990-08-23', 156, '3.8'),
(407, 'Cane Toads: The Conquest', 'Romance', '2020-04-11', 173, '4.5'),
(408, 'Angels in the Outfield', 'Action', '2007-10-31', 119, '5.8'),
(409, 'Chronicle of My Mother (Waga haha no ki)', 'Animation', '2018-08-09', 91, '3.6'),
(410, 'Pictures of the Old World (Obrazy starého sveta)', 'Sci-Fi', '2013-02-21', 107, '5.2'),
(411, 'Citizen Gangster ', 'Comedy', '2007-02-20', 146, '4.7'),
(412, 'Jobs', 'Thriller', '1995-04-10', 100, '5.6'),
(413, 'Parenti serpenti', 'Thriller', '1992-10-07', 80, '3.4'),
(414, 'Miss Meadows', 'Sci-Fi', '1998-10-26', 89, '9.6'),
(415, 'Atlas Shrugged: Part 1', 'Romance', '2018-01-18', 91, '4.8'),
(416, 'Nine Queens (Nueve reinas)', 'Sci-Fi', '1990-05-26', 180, '3.5'),
(417, 'Red', 'Drama', '1991-04-25', 164, '9.6'),
(418, 'Breaking Up', 'Action', '1997-01-25', 77, '4.4'),
(419, 'Cause for Alarm!', 'Thriller', '2007-10-12', 152, '6.4'),
(420, 'Avalanche', 'Comedy', '2013-06-28', 93, '9.9'),
(421, 'Tom, Dick and Harry', 'Action', '2020-07-22', 147, '4.7'),
(422, 'Thing, The', 'Comedy', '2019-09-23', 67, '7.9'),
(423, 'Snow Queen', 'Animation', '1995-03-10', 137, '4.8'),
(424, 'Camille Rewinds', 'Action', '2018-11-13', 130, '4.9'),
(425, 'Child\'s Christmas in Wales, A', 'Horror', '2001-08-10', 153, '8.3'),
(426, 'Bounty Hunter, The', 'Action', '2000-02-29', 85, '6.1'),
(427, 'Big Squeeze, The', 'Action', '1996-03-25', 137, '8.7'),
(428, 'Going Ape!', 'Thriller', '1994-09-04', 62, '3.8'),
(429, 'Cat Chaser', 'Romance', '2006-11-29', 68, '8.9'),
(430, 'Darby O\'Gill and the Little People', 'Action', '1992-06-26', 121, '9.0'),
(431, 'Toast of New Orleans, The', 'Animation', '2009-04-18', 104, '4.8'),
(432, 'If You Are the One', 'Animation', '2016-04-26', 81, '4.6'),
(433, 'Analyze This', 'Animation', '2012-04-07', 133, '5.9'),
(434, 'Soulless', 'Animation', '2013-11-25', 126, '3.9'),
(435, 'Virtual JFK: Vietnam If Kennedy Had Lived', 'Animation', '2024-12-03', 134, '4.9'),
(436, 'Page Turner, The (Tourneuse de pages, La)', 'Drama', '2014-10-23', 166, '5.9'),
(437, 'Lola', 'Romance', '2018-01-15', 153, '6.4'),
(438, 'Cell 211 (Celda 211)', 'Thriller', '2014-04-17', 107, '6.9'),
(439, 'Yo Yo (Yoyo)', 'Animation', '2018-12-22', 153, '3.9'),
(440, 'Mysterians, The (Chikyu Boeigun)', 'Action', '2001-10-22', 158, '8.1'),
(441, 'Rocket Science', 'Horror', '2005-12-26', 60, '6.0'),
(442, 'Seven Little Foys, The', 'Sci-Fi', '1991-09-15', 153, '4.5'),
(443, 'Garage, The', 'Comedy', '2004-03-16', 81, '3.4'),
(444, 'Love & Savagery', 'Romance', '1996-11-18', 178, '8.6'),
(445, 'Ingeborg Holm', 'Action', '2022-04-02', 100, '4.6'),
(446, 'Carry on Cruising', 'Comedy', '1990-05-25', 144, '8.3'),
(447, 'Secrets of Jonathan Sperry, The', 'Thriller', '2006-12-05', 64, '8.3'),
(448, 'Freakonomics', 'Comedy', '2000-09-12', 177, '5.4'),
(449, 'Homem Que Desafiou o Diabo, O', 'Action', '1992-01-11', 127, '7.0'),
(450, '20 Seconds of Joy', 'Horror', '2002-12-09', 145, '6.1'),
(451, 'Robin-B-Hood (Bo bui gai wak)', 'Romance', '2006-09-12', 160, '5.7'),
(452, 'What the Day Owes the Night', 'Romance', '2022-02-10', 152, '9.0'),
(453, 'Submarino', 'Drama', '2008-06-24', 161, '3.5'),
(454, 'Ask the Dust', 'Animation', '1997-12-11', 68, '8.5'),
(455, 'Cradle 2 the Grave', 'Action', '2012-07-28', 173, '8.0'),
(456, 'Logan\'s War: Bound by Honor', 'Romance', '2010-05-26', 149, '3.3'),
(457, 'Tadpole', 'Action', '2007-01-02', 61, '4.6'),
(458, 'Serpico', 'Thriller', '2006-08-13', 81, '3.3'),
(459, 'Simon & the Oaks', 'Romance', '2018-05-26', 80, '10.0'),
(460, 'Blind Massage (Tui na)', 'Horror', '1992-01-16', 70, '3.3'),
(461, 'The Oblong Box', 'Horror', '1992-10-27', 123, '9.7'),
(462, 'Cult of the Cobra', 'Comedy', '2023-08-05', 112, '9.0'),
(463, 'Reflections in a Golden Eye', 'Thriller', '2016-12-22', 163, '5.8'),
(464, 'Scooby-Doo! Curse of the Lake Monster', 'Romance', '1998-11-15', 180, '6.1'),
(465, '4th Floor, The', 'Romance', '1998-04-02', 170, '8.5'),
(466, 'Jesse Stone: Stone Cold', 'Action', '2021-06-19', 139, '9.2'),
(467, 'Saving Sarah Cain', 'Animation', '2022-06-01', 132, '5.4'),
(468, 'Blood Money', 'Sci-Fi', '2008-08-01', 143, '7.5'),
(469, 'Keeping the Faith', 'Action', '2006-05-08', 152, '8.6'),
(470, 'Nature Calls', 'Romance', '2003-01-24', 174, '8.3'),
(471, 'Tale of Two Cities, A', 'Comedy', '2017-06-10', 60, '5.2'),
(472, 'Follow Me, Boys!', 'Romance', '2003-07-22', 124, '3.8'),
(473, 'From the Sky Down', 'Sci-Fi', '2020-02-12', 82, '6.2'),
(474, 'Juarez', 'Romance', '2001-03-17', 114, '3.4'),
(475, 'Lucky One, The', 'Comedy', '1990-01-13', 103, '5.3'),
(476, 'Without a Paddle: Nature\'s Calling', 'Thriller', '1998-01-08', 77, '6.0'),
(477, 'Dark Hours, The', 'Animation', '2021-09-09', 165, '3.2'),
(478, 'Joe', 'Action', '2017-01-04', 147, '9.6'),
(479, 'Tie Me Up! Tie Me Down! (¡Átame!)', 'Action', '2007-11-20', 141, '4.2'),
(480, 'Men in White', 'Animation', '2021-09-04', 141, '7.9'),
(481, 'Youth of the Beast (Yaju no seishun)', 'Sci-Fi', '2015-09-08', 84, '5.3'),
(482, 'Bad Guy (Nabbeun namja)', 'Drama', '2007-10-31', 125, '3.9'),
(483, 'Gilded Lily, The', 'Thriller', '2015-10-08', 134, '4.1'),
(484, 'Ator, the Fighting Eagle (Ator l\'invincibile)', 'Comedy', '1994-09-16', 134, '6.9'),
(485, 'Diario de un skin', 'Romance', '2012-10-13', 155, '3.8'),
(486, 'Freeloaders', 'Romance', '2014-04-13', 180, '7.4'),
(487, 'Guns of Navarone, The', 'Sci-Fi', '1991-02-05', 68, '3.8'),
(488, 'Last Resort', 'Sci-Fi', '1994-04-23', 63, '6.0'),
(489, 'Life for Sale (Kotirauha)', 'Animation', '2018-07-25', 141, '9.0'),
(490, 'Mugger, The (El asaltante)', 'Horror', '2005-01-22', 110, '3.1'),
(491, 'Reality of Love, The (I Want to Marry Ryan Banks)', 'Horror', '2024-09-11', 63, '6.5'),
(492, 'Sketches of Frank Gehry', 'Sci-Fi', '2001-01-24', 150, '8.7'),
(493, 'Woman\'s Face, A', 'Animation', '2023-11-08', 156, '3.7'),
(494, 'Fathom', 'Sci-Fi', '1991-05-25', 110, '6.4'),
(495, 'Vibes', 'Action', '1997-12-17', 77, '4.8'),
(496, 'Promised Life, The (Vie promise, La)', 'Comedy', '1996-11-28', 122, '9.9'),
(497, 'Barbarian Invasions, The (Les invasions barbares)', 'Sci-Fi', '2010-08-08', 168, '4.0'),
(498, 'Spiderwick Chronicles, The', 'Comedy', '2016-07-20', 89, '3.3'),
(499, 'Volver', 'Comedy', '2024-10-22', 88, '7.1'),
(500, 'Bounty Hunter, The', 'Drama', '2019-06-15', 172, '8.8'),
(501, 'Unfinished Life, An', 'Romance', '2018-08-29', 163, '4.0'),
(502, 'Meteor Man, The', 'Romance', '2005-08-03', 118, '8.0'),
(503, 'Dangerous Profession, A', 'Thriller', '2006-08-19', 147, '9.3'),
(504, 'Rigoletto', 'Romance', '1993-03-07', 142, '9.0'),
(505, 'Footprints of a Spirit, The (Huellas de un espírit', 'Drama', '2002-03-12', 175, '4.5'),
(506, 'Hours', 'Comedy', '2002-11-15', 139, '4.9'),
(507, 'The Wild Bunch: An Album in Montage', 'Romance', '2000-11-17', 97, '6.0'),
(508, 'Americanization of Emily, The', 'Romance', '2019-05-05', 66, '6.5'),
(509, 'Cheaper by the Dozen 2', 'Action', '2012-09-01', 160, '9.8'),
(510, 'All Cheerleaders Die', 'Horror', '1995-05-30', 160, '6.7'),
(511, 'Patrice O\'Neal: Elephant in the Room', 'Thriller', '2020-05-19', 88, '8.3'),
(512, 'Monkey in Winter, A (Un singe en hiver)', 'Drama', '2008-04-21', 147, '9.9'),
(513, 'Dare', 'Comedy', '2022-08-21', 67, '4.3'),
(514, 'Mon oncle d\'Amérique', 'Sci-Fi', '2015-05-07', 160, '7.3'),
(515, 'Story of Me, The (O contador de histórias)', 'Comedy', '2020-05-30', 123, '3.4'),
(516, 'Ex, The', 'Drama', '2002-02-18', 169, '4.0'),
(517, 'Silencers, The', 'Horror', '2019-03-19', 104, '5.8'),
(518, 'Half Baked', 'Sci-Fi', '2019-11-27', 173, '6.6'),
(519, 'Terumae romae (Thermae Romae)', 'Action', '2021-11-15', 136, '5.1'),
(520, 'Blacksmith, The', 'Action', '2010-03-15', 151, '6.6'),
(521, 'Fragile Trust: Plagiarism, Power, and Jayson Blair', 'Comedy', '2014-03-23', 64, '3.2'),
(522, 'August Mordum\'s Underground', 'Drama', '1990-10-01', 64, '9.9'),
(523, 'Brides of Dracula', 'Drama', '1995-09-27', 93, '9.4'),
(524, 'Manual of Love 2 (Manuale d\'amore (capitoli succes', 'Animation', '2004-04-26', 125, '8.7'),
(525, 'Angélique, marquise des anges', 'Romance', '2018-08-16', 92, '6.3'),
(526, 'Mulberry Street', 'Sci-Fi', '2013-07-18', 100, '9.0'),
(527, 'Absolon', 'Thriller', '1999-06-30', 160, '8.4'),
(528, 'Someone Marry Barry', 'Romance', '2006-06-12', 154, '5.5'),
(529, 'Late Shift, The', 'Sci-Fi', '2010-03-24', 150, '7.3'),
(530, 'Saludos Amigos', 'Animation', '2015-11-05', 101, '9.3'),
(531, 'Nurse 3D', 'Animation', '2012-07-22', 136, '7.6'),
(532, 'Rocket from Calabuch, The (Calabuch)', 'Animation', '2006-11-02', 129, '8.4'),
(533, 'Noi the Albino (Nói albinói)', 'Action', '2004-06-19', 71, '8.5'),
(534, 'Hearts of the West', 'Romance', '1995-08-30', 163, '9.5'),
(535, 'Midnight Meat Train, The', 'Drama', '2008-09-08', 152, '6.1'),
(536, 'Friend Among Strangers, Stranger Among Friends (Sv', 'Sci-Fi', '2010-09-02', 172, '4.1'),
(537, 'Exodus: Gods and Kings', 'Drama', '1993-05-31', 106, '10.0'),
(538, 'Matilda', 'Action', '2015-02-14', 106, '5.5'),
(539, 'Princess Blade, The (Shura Yukihime)', 'Animation', '1996-11-27', 100, '3.5'),
(540, 'Pianist, The', 'Romance', '2024-01-14', 106, '5.4'),
(541, 'Throw Momma from the Train', 'Drama', '1996-09-12', 68, '9.5'),
(542, 'Double, The', 'Sci-Fi', '2022-12-27', 164, '4.6'),
(543, 'Abbott and Costello Meet the Killer, Boris Karloff', 'Thriller', '1997-03-21', 112, '8.0'),
(544, 'V. I. Warshawski', 'Sci-Fi', '2013-07-29', 113, '8.9'),
(545, 'Samurai Spy (Ibun Sarutobi Sasuke)', 'Drama', '1997-06-22', 146, '6.0'),
(546, 'Greatest Story Ever Told, The', 'Thriller', '1997-11-25', 148, '8.0'),
(547, 'Upside Down', 'Action', '1996-01-27', 89, '8.7'),
(548, 'Walk on the Moon, A', 'Comedy', '1991-06-01', 116, '7.7'),
(549, 'Librarian: Quest for the Spear, The', 'Sci-Fi', '2024-04-27', 84, '9.9'),
(550, 'One Man Band', 'Drama', '2021-10-14', 75, '7.4'),
(551, 'Devil Wears Prada, The', 'Drama', '1994-03-20', 163, '7.2'),
(552, 'Kramer vs. Kramer', 'Action', '1994-10-03', 177, '7.5'),
(553, 'Radio', 'Animation', '2002-12-14', 119, '5.6'),
(554, 'Glimpse Inside the Mind of Charles Swan III, A', 'Sci-Fi', '2005-08-04', 158, '3.9'),
(555, 'Gardens of Stone', 'Drama', '2004-04-25', 112, '6.8'),
(556, 'Dampfnudelblues', 'Horror', '1995-12-25', 178, '9.6'),
(557, 'Hired Hand, The', 'Horror', '2008-02-28', 159, '6.5'),
(558, 'Cremaster 2', 'Sci-Fi', '1998-02-08', 114, '3.2'),
(559, 'In the Realms of the Unreal', 'Comedy', '1990-05-09', 150, '6.5'),
(560, 'Communion', 'Drama', '2001-09-24', 79, '6.1'),
(561, 'Norman', 'Thriller', '2000-03-28', 101, '6.2'),
(562, 'Grass Is Greener, The', 'Comedy', '1992-05-30', 177, '9.1'),
(563, 'The Mascot', 'Romance', '1994-02-09', 71, '6.2'),
(564, 'Batman & Mr. Freeze: Subzero', 'Comedy', '2011-02-13', 63, '9.6'),
(565, 'Mystics in Bali (Leák)', 'Drama', '1997-12-30', 163, '3.0'),
(566, 'Seventh Brother, The (A hetedik testvér)', 'Animation', '2015-04-12', 178, '5.1'),
(567, 'Last Legion, The', 'Action', '2017-11-29', 151, '5.5'),
(568, 'Lifeboat', 'Horror', '2006-03-06', 121, '9.1'),
(569, 'Toi et Moi', 'Comedy', '2016-10-30', 130, '7.1'),
(570, 'Ernest Saves Christmas', 'Comedy', '2021-09-10', 88, '9.8'),
(571, 'Double Dhamaal', 'Animation', '2021-07-12', 144, '5.9'),
(572, 'To Catch a Thief', 'Comedy', '2007-03-19', 108, '7.2'),
(573, '21', 'Animation', '2007-04-27', 176, '5.6'),
(574, 'Over-Eater, The (L\'outremangeur)', 'Horror', '2014-03-03', 175, '6.0'),
(575, 'American Nightmare, The', 'Animation', '2011-06-23', 131, '8.6'),
(576, 'Sharpe\'s Battle', 'Animation', '2016-01-26', 75, '9.1'),
(577, 'We Still Kill the Old Way', 'Thriller', '2017-12-30', 70, '6.9'),
(578, 'CB4 - The Movie', 'Thriller', '2023-01-23', 69, '9.1'),
(579, 'Junior', 'Action', '2021-01-31', 100, '8.6'),
(580, 'Hellsinki (Rööperi)', 'Animation', '1993-06-23', 170, '9.4'),
(581, 'Gumby: The Movie', 'Sci-Fi', '1995-10-19', 102, '3.3'),
(582, 'Quintet', 'Action', '2000-02-20', 115, '6.2'),
(583, 'Run for Cover', 'Drama', '1997-12-11', 94, '4.0'),
(584, 'Average Little Man, An (Un borghese piccolo piccol', 'Sci-Fi', '1990-02-21', 157, '9.9'),
(585, 'I Saw the Sun (Günesi gördüm)', 'Romance', '2019-06-08', 170, '8.4'),
(586, 'Purpose', 'Sci-Fi', '2010-05-04', 105, '5.5'),
(587, 'Forgotten', 'Sci-Fi', '2004-05-03', 175, '8.0'),
(588, 'Two Jakes, The', 'Thriller', '1994-04-27', 169, '5.5'),
(589, 'Telling Lies in America', 'Animation', '1991-03-05', 66, '5.1'),
(590, 'Holy Land, The', 'Sci-Fi', '2000-05-17', 168, '6.1'),
(591, 'Back to the Future Part III', 'Thriller', '2004-12-24', 145, '6.7'),
(592, 'Kira\'s Reason: A Love Story (En Kærlighedshistorie', 'Drama', '2014-05-10', 144, '9.2'),
(593, '5 Centimeters per Second (Byôsoku 5 senchimêtoru)', 'Romance', '2012-12-15', 132, '8.8'),
(594, 'Tank Girl', 'Comedy', '2011-04-24', 126, '6.7'),
(595, 'Forest (Rengeteg)', 'Sci-Fi', '1990-04-16', 148, '9.5'),
(596, 'High Noon', 'Drama', '2024-05-16', 79, '6.3'),
(597, 'Jönssonligan spelar högt', 'Romance', '2007-10-25', 165, '5.0'),
(598, 'Peach Thief, The (Kradetzat na praskovi)', 'Drama', '1997-12-18', 173, '9.6'),
(599, 'Dylan Moran: Like, Totally', 'Sci-Fi', '1993-05-20', 140, '9.3'),
(600, 'Buffalo Girls', 'Animation', '2008-05-26', 75, '4.6'),
(601, 'Going the Distance', 'Drama', '2002-09-08', 178, '8.2'),
(602, 'Love Story 2050', 'Animation', '2022-03-30', 68, '5.6'),
(603, 'Brothers Lionheart, The (Bröderna Lejonhjärta)', 'Animation', '2020-04-03', 78, '5.0'),
(604, 'It\'s a Disaster', 'Romance', '2015-05-16', 77, '9.1'),
(605, 'Lawman', 'Comedy', '2014-05-22', 112, '6.7'),
(606, 'Blackwoods', 'Horror', '2010-03-28', 164, '7.8'),
(607, 'Time Code', 'Action', '2021-02-16', 132, '7.9'),
(608, 'Chocolat', 'Sci-Fi', '2023-08-20', 81, '8.4'),
(609, 'Three Comrades', 'Romance', '1998-09-11', 71, '5.2'),
(610, 'Nuremberg', 'Action', '2002-11-21', 147, '4.3'),
(611, 'Son of God', 'Thriller', '2023-11-16', 176, '9.4'),
(612, 'Spiderwick Chronicles, The', 'Action', '1995-12-18', 165, '4.1'),
(613, 'Such Hawks Such Hounds', 'Action', '1995-09-02', 102, '9.9'),
(614, 'Officer\'s Ward (chambre des officiers, La)', 'Thriller', '2011-10-14', 63, '6.7'),
(615, 'Tender Is the Night', 'Drama', '2023-02-04', 173, '9.0'),
(616, 'Richard III', 'Comedy', '2024-04-27', 119, '8.1'),
(617, 'Staying Together', 'Horror', '2004-11-13', 160, '4.8'),
(618, 'Click', 'Romance', '1995-07-14', 131, '6.4'),
(619, 'Ewok Adventure, The (a.k.a. Caravan of Courage: An', 'Romance', '1997-11-10', 150, '7.0'),
(620, 'Kokowääh', 'Action', '2004-12-08', 65, '7.7'),
(621, 'Kahlekuningas', 'Comedy', '2017-11-05', 95, '8.1'),
(622, 'Sharktopus', 'Animation', '2014-04-24', 97, '9.2'),
(623, 'Child, The', 'Animation', '2012-10-09', 164, '8.4'),
(624, 'Breaking Away', 'Horror', '2004-05-22', 158, '4.2'),
(625, 'Woman on the Beach, The', 'Action', '2024-06-08', 145, '5.6'),
(626, 'Eye of Vichy, The (Oeil de Vichy, L\')', 'Thriller', '1999-08-17', 163, '5.6'),
(627, 'Open Hearts (Elsker dig for evigt)', 'Animation', '1998-09-18', 129, '7.2'),
(628, 'Delirious', 'Comedy', '1992-10-27', 80, '5.3'),
(629, 'Week-End at the Waldorf', 'Action', '1999-02-13', 62, '5.2'),
(630, 'Exodus', 'Horror', '2001-03-29', 99, '7.1'),
(631, 'Mayor of Hell, The', 'Action', '2011-02-28', 103, '3.5'),
(632, 'Ingmar Bergman Makes a Movie (Ingmar Bergman gör e', 'Romance', '2007-01-31', 171, '7.0'),
(633, 'Kiss Kiss - Bang Bang', 'Horror', '2016-12-05', 111, '5.6'),
(634, 'One Point O', 'Drama', '2005-08-24', 152, '4.5'),
(635, 'Lovers & Leavers (Kuutamolla)', 'Action', '2020-07-18', 157, '8.5'),
(636, 'Ride the Divide', 'Sci-Fi', '2010-10-09', 64, '3.4'),
(637, 'Trancers', 'Horror', '2011-03-22', 118, '4.6'),
(638, 'Ricky & Barabba', 'Drama', '1994-09-01', 83, '3.7'),
(639, 'Fermat\'s Room (La habitación de Fermat)', 'Thriller', '1998-08-26', 124, '7.5'),
(640, 'Frighteners, The', 'Drama', '2003-04-21', 99, '9.3'),
(641, 'Wrestling Queens', 'Drama', '1997-04-20', 163, '7.1'),
(642, 'Sunshine', 'Horror', '1990-08-22', 85, '9.5'),
(643, 'Hanging Up', 'Animation', '1997-07-30', 142, '7.1'),
(644, 'Drag Me to Hell', 'Thriller', '2008-03-11', 108, '8.2'),
(645, 'Beijing Bicycle (Shiqi sui de dan che)', 'Thriller', '2002-11-04', 143, '3.2'),
(646, 'High Noon', 'Sci-Fi', '1994-01-16', 62, '5.0'),
(647, 'Fear and Desire', 'Action', '1998-07-12', 79, '5.8'),
(648, 'Joe the King', 'Romance', '2007-05-18', 90, '5.0'),
(649, 'The Roots of Heaven', 'Animation', '2006-07-28', 178, '3.6'),
(650, 'Ghost', 'Comedy', '2016-12-24', 92, '9.2'),
(651, 'Blood Beach', 'Sci-Fi', '2021-10-18', 62, '6.8'),
(652, 'Passing Fancy (Dekigokoro)', 'Action', '1998-01-02', 78, '4.1'),
(653, 'Darling', 'Animation', '2021-04-24', 156, '5.4'),
(654, 'Martian Child', 'Sci-Fi', '2007-12-24', 176, '9.1'),
(655, 'American Gangster', 'Action', '2023-08-28', 166, '4.9'),
(656, 'Stunt Man, The', 'Horror', '1998-12-13', 131, '7.3'),
(657, 'Fist of the North Star', 'Action', '2023-09-05', 129, '5.2'),
(658, 'Valhalla Rising', 'Comedy', '1999-09-10', 128, '4.6'),
(659, 'Transformers: Revenge of the Fallen', 'Horror', '1990-05-24', 159, '5.9'),
(660, 'Going Places (Valseuses, Les)', 'Horror', '1996-04-10', 143, '9.8'),
(661, 'My Life So Far', 'Drama', '1997-07-09', 163, '6.3'),
(662, 'English Surgeon, The', 'Horror', '2011-06-09', 143, '7.4'),
(663, 'They Might Be Giants', 'Sci-Fi', '2008-07-06', 160, '4.8'),
(664, 'Last Days', 'Thriller', '1993-05-06', 71, '3.6'),
(665, 'The Diary of a Teenage Girl', 'Romance', '2000-08-31', 87, '8.4'),
(666, 'Fortune, The', 'Thriller', '2014-10-21', 70, '7.8'),
(667, 'Talking About Sex', 'Horror', '1998-11-16', 170, '3.4'),
(668, 'Werner - Volles Rooäää', 'Drama', '2011-12-18', 96, '5.4'),
(669, 'Snake of June, A (Rokugatsu no hebi)', 'Thriller', '2013-05-21', 108, '8.8'),
(670, 'There\'s Always Tomorrow', 'Animation', '1996-08-27', 174, '3.1'),
(671, 'Every Little Step', 'Action', '1996-01-28', 154, '5.4'),
(672, 'Hellbound: Hellraiser II', 'Horror', '2008-08-16', 124, '3.8'),
(673, 'My Little Pony: Equestria Girls', 'Action', '2003-11-28', 166, '5.3'),
(674, 'Actresses (Actrices)', 'Animation', '2015-04-11', 109, '3.5'),
(675, 'Peace, Love & Misunderstanding', 'Action', '2017-03-23', 108, '7.7'),
(676, 'I Am Bruce Lee', 'Sci-Fi', '2001-06-21', 156, '9.3'),
(677, 'Border Feud', 'Animation', '1998-08-25', 152, '4.5'),
(678, 'Enemy of the People, An', 'Comedy', '2024-08-06', 121, '9.7'),
(679, 'Bad Boys II', 'Sci-Fi', '1997-12-31', 88, '7.8'),
(680, 'Uprise', 'Sci-Fi', '2014-11-20', 98, '7.3'),
(681, 'Winter Soldier', 'Thriller', '2010-08-10', 127, '3.2'),
(682, 'Rings', 'Action', '2009-05-06', 85, '5.6'),
(683, 'Charlie Chan in Shanghai', 'Comedy', '2012-12-25', 91, '6.9'),
(684, 'When Darkness Falls (När mörkret faller)', 'Action', '1995-03-22', 172, '9.9'),
(685, 'Shepherd', 'Romance', '2022-03-17', 157, '8.4'),
(686, 'Godless Girl, The', 'Sci-Fi', '2007-03-11', 85, '3.8'),
(687, 'Floods of Fear', 'Drama', '1999-11-01', 121, '9.1'),
(688, 'Sherlock Holmes', 'Drama', '1997-02-12', 172, '4.6'),
(689, 'Asfour Stah', 'Comedy', '1992-05-10', 171, '5.4'),
(690, 'Commandos Strike at Dawn', 'Horror', '1990-05-27', 146, '8.0'),
(691, 'Man in the Glass Booth, The', 'Action', '2013-04-04', 65, '8.8'),
(692, 'Hello Herman', 'Action', '2001-06-30', 122, '5.7'),
(693, 'Brothers McMullen, The', 'Action', '2011-01-27', 136, '9.6'),
(694, 'Can I Do It \'Till I Need Glasses?', 'Thriller', '2000-08-15', 132, '3.4'),
(695, 'The Flower', 'Drama', '2008-12-06', 90, '4.9'),
(696, 'Girl, The', 'Romance', '2006-04-12', 145, '9.4'),
(697, 'Hypocrites', 'Sci-Fi', '2013-11-27', 163, '7.0'),
(698, 'Sushi Girl', 'Sci-Fi', '2011-08-17', 93, '4.7'),
(699, 'Paradine Case, The', 'Animation', '2001-11-09', 144, '5.0'),
(700, 'Summer Magic', 'Comedy', '2021-05-02', 72, '8.6'),
(701, 'He Ran All the Way', 'Comedy', '2018-10-17', 104, '6.5'),
(702, 'Born to Fight (Kerd ma lui)', 'Horror', '2013-10-08', 79, '8.4'),
(703, 'Stay Alive', 'Animation', '2004-05-19', 77, '8.2'),
(704, 'Lord of Tears', 'Comedy', '2008-07-11', 126, '7.5'),
(705, 'Look of Love, The', 'Sci-Fi', '2005-11-18', 84, '5.9'),
(706, 'Knight and Day', 'Sci-Fi', '2000-11-15', 161, '4.1'),
(707, 'Wanderers', 'Sci-Fi', '2016-04-28', 126, '3.6'),
(708, 'Twin Sisters (De tweeling)', 'Drama', '1996-01-07', 70, '5.3'),
(709, 'Spriggan (Supurigan)', 'Animation', '1995-05-10', 125, '5.3'),
(710, 'Jonestown: The Life and Death of Peoples Temple', 'Animation', '1998-12-15', 72, '3.3'),
(711, 'Goat, The (a.k.a. Knock On Wood) (Chèvre, La)', 'Comedy', '1990-11-15', 107, '9.9'),
(712, 'Mama\'s Boy', 'Thriller', '1991-10-17', 127, '8.9'),
(713, 'Introducing Dorothy Dandridge', 'Sci-Fi', '1997-12-28', 76, '6.7'),
(714, 'Nancy Drew', 'Thriller', '2020-08-07', 147, '9.8'),
(715, 'Apollo 18', 'Sci-Fi', '2010-09-22', 66, '9.0'),
(716, 'Jesus of Nazareth', 'Drama', '1993-02-27', 83, '9.5'),
(717, 'God Save My Shoes', 'Horror', '1996-05-10', 77, '3.2'),
(718, 'Happy New Year', 'Sci-Fi', '2017-05-04', 161, '8.5'),
(719, 'Tokyo Zombie (Tôkyô zonbi)', 'Thriller', '2002-11-09', 90, '7.3'),
(720, 'Amityville II: The Possession', 'Thriller', '2018-07-28', 80, '9.3'),
(721, 'Scream', 'Animation', '1995-02-19', 101, '8.4'),
(722, 'Buena Vista Social Club', 'Comedy', '1993-03-15', 136, '9.8'),
(723, 'Shit Year', 'Romance', '2020-08-22', 132, '3.4'),
(724, 'Bandit Queen', 'Romance', '2015-03-21', 154, '6.6'),
(725, 'Mad Love (Sappho)', 'Horror', '1992-08-30', 98, '6.8'),
(726, 'Big Sur', 'Animation', '1994-12-14', 142, '4.1'),
(727, 'The Amazing Catfish', 'Action', '2000-01-11', 70, '4.6'),
(728, 'Titanic', 'Animation', '1993-12-15', 134, '5.2'),
(729, 'Cowboys, The', 'Thriller', '2019-08-17', 152, '8.9'),
(730, 'Elsa & Fred', 'Comedy', '1997-05-10', 91, '4.3'),
(731, 'Sheep Has Five Legs, The (Le mouton à cinq pattes)', 'Romance', '2014-08-06', 66, '9.2'),
(732, 'Once Upon a Time in the Midlands', 'Animation', '2000-03-14', 60, '9.0'),
(733, 'Private Hell 36', 'Romance', '2006-02-21', 64, '4.0'),
(734, 'Invisible, The', 'Sci-Fi', '2011-10-12', 176, '3.9'),
(735, 'Gorko!', 'Romance', '2008-02-26', 177, '9.6'),
(736, 'The Hire: Star, The', 'Sci-Fi', '2016-06-20', 145, '7.0'),
(737, 'Travels with My Aunt', 'Sci-Fi', '2006-04-29', 119, '5.5'),
(738, 'Greatest Game Ever Played, The', 'Drama', '2009-02-23', 87, '6.4'),
(739, 'Breaking the Silence: Truth and Lies in the War on', 'Sci-Fi', '2014-01-02', 70, '5.6'),
(740, 'My Blue Heaven', 'Thriller', '2004-01-01', 171, '5.0'),
(741, 'Karate Kid, Part II, The', 'Sci-Fi', '2011-04-27', 92, '3.3'),
(742, 'Bells of St. Mary\'s, The', 'Comedy', '2006-07-11', 62, '5.4'),
(743, 'Makioka Sisters, The (Sasame-yuki)', 'Romance', '2011-05-23', 91, '3.6'),
(744, 'Creeping Terror, The (Crawling Monster, The)', 'Action', '2012-08-27', 168, '3.9'),
(745, 'Taken', 'Romance', '2017-03-03', 134, '6.8'),
(746, 'A Short History of Decay', 'Drama', '2016-12-15', 174, '6.3'),
(747, 'And Your Mother Too (Y tu mamá también)', 'Comedy', '1992-11-16', 64, '10.0'),
(748, 'Hotel Very Welcome', 'Action', '1999-07-15', 124, '3.6'),
(749, 'King Kong', 'Comedy', '2002-12-17', 124, '7.3'),
(750, 'Kagemusha', 'Horror', '1993-03-13', 130, '8.7'),
(751, 'Ironweed', 'Thriller', '1998-04-24', 129, '5.7'),
(752, 'Pandora\'s Box', 'Sci-Fi', '2020-12-20', 62, '8.4'),
(753, 'I\'ve Loved You So Long (Il y a longtemps que je t\'', 'Comedy', '1998-06-04', 73, '8.1'),
(754, 'DarkWolf', 'Thriller', '2014-11-02', 135, '5.7'),
(755, 'Sherlock Holmes: The Woman in Green', 'Romance', '2008-05-22', 69, '3.1'),
(756, 'Just Buried', 'Action', '2009-03-26', 80, '3.4'),
(757, 'Dreamworlds II: Desire, Sex, Power in Music Video', 'Drama', '2007-09-15', 104, '9.2'),
(758, 'Perfect Murder, A', 'Drama', '2001-03-16', 88, '9.9'),
(759, 'Blind Massage (Tui na)', 'Drama', '1996-01-10', 112, '7.6'),
(760, 'In Tranzit', 'Horror', '1991-12-05', 119, '5.5'),
(761, 'Star of Midnight', 'Romance', '2000-03-07', 127, '4.1'),
(762, 'What\'s Up, Tiger Lily?', 'Comedy', '1994-04-07', 163, '5.3'),
(763, 'Trip, The', 'Drama', '1997-06-29', 68, '8.8'),
(764, 'Distinguished Gentleman, The', 'Animation', '2009-07-27', 87, '3.3'),
(765, 'Beowulf', 'Comedy', '2011-10-11', 169, '3.8'),
(766, 'Beyond a Reasonable Doubt', 'Action', '2001-07-02', 160, '6.7'),
(767, 'Midnight Dancers (Sibak)', 'Comedy', '2005-04-14', 97, '4.4'),
(768, 'Lola Versus', 'Action', '1996-05-01', 132, '5.1'),
(769, 'Punisher, The', 'Action', '2009-06-01', 82, '7.7');
INSERT INTO `Movies` (`id`, `movie_title`, `genre`, `release_date`, `duration_minutes`, `rating`) VALUES
(770, 'Crash Dive', 'Thriller', '2007-10-25', 62, '6.4'),
(771, 'Black Hawk Down', 'Romance', '2015-12-25', 74, '4.9'),
(772, 'Spellbound', 'Animation', '2003-03-17', 133, '5.4'),
(773, 'Morning Glory', 'Comedy', '2016-10-07', 108, '5.3'),
(774, 'Tomorrow, the World!', 'Sci-Fi', '2020-12-14', 148, '7.7'),
(775, 'Object of Beauty, The', 'Animation', '2015-12-21', 99, '4.0'),
(776, 'Camouflage (Barwy ochronne)', 'Thriller', '2021-01-11', 85, '8.6'),
(777, 'Man Who Saw Tomorrow, The', 'Drama', '1995-12-27', 138, '7.7'),
(778, 'My Mom Is a Character (Minha Mãe é uma Peça: O Fil', 'Romance', '2010-01-24', 143, '6.4'),
(779, 'Killer Holiday', 'Romance', '2007-02-18', 176, '9.8'),
(780, 'Contact High', 'Horror', '2018-08-28', 173, '5.6'),
(781, 'Darfur Now', 'Comedy', '1996-01-23', 161, '3.6'),
(782, 'Immature, The (Immaturi)', 'Comedy', '2019-01-10', 175, '5.9'),
(783, 'Blood Ties', 'Action', '1993-05-12', 105, '6.7'),
(784, 'Gosford Park', 'Romance', '2020-03-09', 158, '6.6'),
(785, 'Handful of Dust, A', 'Drama', '1993-02-03', 180, '7.0'),
(786, 'Payback', 'Romance', '2007-02-10', 61, '5.1'),
(787, 'Big Sur', 'Comedy', '2004-04-10', 82, '5.6'),
(788, 'Tyler Perry\'s Madea\'s Witness Protection', 'Comedy', '2004-12-17', 140, '3.0'),
(789, 'As You Like It', 'Thriller', '2004-02-01', 160, '9.4'),
(790, 'Relic, The', 'Thriller', '1996-09-27', 145, '4.8'),
(791, 'Of Time and the City', 'Sci-Fi', '1994-06-11', 125, '8.1'),
(792, 'The Fox & the Child', 'Romance', '1998-05-28', 73, '7.1'),
(793, 'Wallace & Gromit: The Wrong Trousers', 'Action', '2006-02-11', 66, '9.2'),
(794, 'Man Who Shot Liberty Valance, The', 'Thriller', '2003-12-28', 170, '5.9'),
(795, 'Monster Walks, The', 'Comedy', '2000-12-11', 107, '3.1'),
(796, 'Monga', 'Drama', '1990-07-31', 154, '9.8'),
(797, 'The Love Letter', 'Sci-Fi', '2014-05-14', 104, '3.0'),
(798, 'Click', 'Romance', '2020-12-04', 129, '5.8'),
(799, 'Mike Birbiglia: What I Should Have Said Was Nothin', 'Horror', '1995-04-11', 83, '4.2'),
(800, 'Elling', 'Sci-Fi', '2019-03-29', 118, '7.1'),
(801, 'Wood & Stock: Sexo, Orégano e Rock\'n\'Roll', 'Sci-Fi', '1995-07-11', 100, '9.8'),
(802, 'Vampire Apocalypse', 'Horror', '2016-03-28', 117, '6.3'),
(803, 'Addicted to Plastic', 'Horror', '2006-11-18', 150, '4.3'),
(804, 'Day of the Doctor, The', 'Thriller', '2019-06-22', 92, '5.9'),
(805, 'Made in Heaven', 'Sci-Fi', '2002-03-06', 171, '5.9'),
(806, 'Baarìa', 'Action', '2006-02-27', 60, '8.0'),
(807, 'Roseland', 'Animation', '2003-08-09', 139, '4.9'),
(808, 'Road Trip', 'Horror', '2011-04-28', 168, '7.6'),
(809, 'Attack of the 5 Ft. 2 Women (National Lampoon\'s At', 'Sci-Fi', '2001-06-04', 102, '6.7'),
(810, 'Day Watch (Dnevnoy dozor)', 'Animation', '1993-11-05', 157, '3.3'),
(811, 'Glamorous Life of Sachiko Hanai, The (Hatsujô kate', 'Action', '2024-04-02', 67, '6.0'),
(812, 'Monster\'s Ball', 'Action', '2002-05-07', 93, '4.0'),
(813, 'Comme les 5 doigts de la main', 'Thriller', '2006-10-13', 147, '5.2'),
(814, 'Lady Vanishes, The', 'Romance', '2023-09-27', 126, '8.8'),
(815, 'Beauty #2', 'Animation', '1991-03-21', 131, '4.7'),
(816, 'Bloody Murder', 'Thriller', '2020-01-14', 94, '6.9'),
(817, 'There\'s Something Wrong with Aunt Diane', 'Action', '2008-09-27', 140, '5.4'),
(818, 'Cowspiracy: The Sustainability Secret', 'Sci-Fi', '1999-08-08', 101, '7.5'),
(819, 'Holy Flame of the Martial World (Wu lin sheng huo ', 'Action', '2007-10-15', 157, '8.5'),
(820, 'Secretariat', 'Animation', '2022-04-10', 67, '6.7'),
(821, 'Wipers Times, The', 'Horror', '2001-10-08', 95, '5.6'),
(822, 'Class of 1984', 'Animation', '2002-09-16', 98, '3.9'),
(823, 'Raw Deal', 'Action', '1995-08-17', 83, '3.4'),
(824, 'Neon Flesh (Carne de neón)', 'Drama', '2022-11-28', 67, '6.4'),
(825, 'Beer for My Horses', 'Comedy', '1999-01-17', 70, '4.6'),
(826, 'Feet First', 'Horror', '1999-02-02', 159, '7.2'),
(827, 'Noordzee, Texas (North Sea Texas)', 'Drama', '2019-05-06', 123, '3.9'),
(828, 'Valley of Head Hunters', 'Sci-Fi', '2017-07-23', 142, '3.2'),
(829, 'Surviving Progress', 'Animation', '1999-08-15', 106, '5.9'),
(830, 'Absurdistan', 'Comedy', '2012-03-31', 85, '7.2'),
(831, 'Hyde Park on Hudson', 'Horror', '2006-01-14', 173, '7.8'),
(832, 'Last Exit to Brooklyn', 'Sci-Fi', '1994-02-26', 154, '5.6'),
(833, 'Positively True Adventures of the Alleged Texas Ch', 'Romance', '1993-12-03', 147, '5.7'),
(834, 'Best of the Badmen', 'Drama', '1991-02-10', 160, '5.2'),
(835, 'The Underneath', 'Horror', '1993-03-29', 112, '4.8'),
(836, 'Free Radicals:  A History of Experimental Film', 'Drama', '1994-02-26', 130, '9.6'),
(837, 'Mr. Smith Goes to Washington', 'Drama', '2019-08-23', 64, '4.4'),
(838, 'Her Highness and the Bellboy', 'Thriller', '1990-06-29', 143, '5.1'),
(839, 'Bon Voyage', 'Romance', '1997-05-26', 172, '7.5'),
(840, 'Taming of the Shrew, The', 'Thriller', '1998-11-24', 79, '8.1'),
(841, 'Brother', 'Horror', '2007-10-04', 117, '5.7'),
(842, 'PT 109', 'Drama', '2011-06-20', 99, '7.0'),
(843, 'Primary Colors', 'Comedy', '2012-04-17', 95, '5.0'),
(844, 'Bettie Page Reveals All', 'Drama', '2022-10-07', 115, '8.3'),
(845, 'King of Marvin Gardens, The', 'Animation', '2019-12-17', 87, '4.6'),
(846, 'Suur Tõll', 'Animation', '2023-08-15', 101, '6.2'),
(847, 'As Above, So Below', 'Action', '2005-01-20', 134, '8.1'),
(848, 'Mystery Men', 'Comedy', '2015-03-01', 94, '7.9'),
(849, 'Swimming with Sharks', 'Horror', '2006-05-15', 76, '9.1'),
(850, 'Frankenstein\'s Army', 'Comedy', '2018-01-03', 131, '9.4'),
(851, 'Leningrad Cowboys Go America', 'Drama', '2018-04-12', 112, '7.9'),
(852, 'Nice Guys Sleep Alone', 'Horror', '2004-12-02', 97, '5.7'),
(853, 'Keith', 'Thriller', '1998-12-29', 131, '6.3'),
(854, 'Faithless (Trolösa)', 'Romance', '1991-12-11', 180, '7.6'),
(855, 'America\'s Most Haunted Inns', 'Sci-Fi', '1991-12-04', 176, '9.4'),
(856, 'Paperboy, The', 'Thriller', '1994-07-27', 104, '6.6'),
(857, 'Captain Midnight', 'Action', '1995-07-17', 118, '6.2'),
(858, 'Secret, A (Un secret)', 'Action', '2022-12-04', 93, '5.5'),
(859, 'Happy-Go-Lucky', 'Drama', '2017-03-16', 72, '9.1'),
(860, 'Why Stop Now', 'Animation', '2023-05-14', 134, '3.0'),
(861, 'Falcon and the Snowman, The', 'Action', '2022-06-08', 94, '9.4'),
(862, 'New Wave (Nouvelle vague)', 'Horror', '2003-04-03', 90, '4.4'),
(863, '99 River Street', 'Drama', '2008-01-22', 159, '5.0'),
(864, 'I Love You, Beth Cooper', 'Drama', '1997-05-30', 138, '5.7'),
(865, 'Cyborg', 'Comedy', '2004-10-20', 179, '3.4'),
(866, 'Survival Island (Three)', 'Animation', '2000-10-21', 81, '8.2'),
(867, 'Pressed', 'Drama', '2002-08-26', 158, '6.9'),
(868, 'Pocketful of Miracles', 'Comedy', '2018-05-04', 107, '4.1'),
(869, '1000 Journals', 'Comedy', '1998-04-19', 111, '9.6'),
(870, 'Daniel Deronda', 'Animation', '1992-08-14', 98, '5.9'),
(871, 'Style Wars', 'Drama', '2010-03-11', 151, '3.1'),
(872, 'Witches, The (Le streghe)', 'Sci-Fi', '1997-09-27', 159, '3.0'),
(873, 'Not on Your Life (Verdugo, El) (Executioner, The)', 'Comedy', '2016-08-07', 119, '8.1'),
(874, 'Woodstock Diary', 'Comedy', '2013-05-16', 117, '9.0'),
(875, 'Those Awful Hats', 'Romance', '2001-03-06', 148, '4.3'),
(876, 'Stage Fright (Deliria)', 'Romance', '2001-05-27', 70, '5.3'),
(877, 'Liar Liar', 'Comedy', '1990-01-08', 148, '3.1'),
(878, 'Winning of Barbara Worth, The', 'Horror', '2010-02-27', 96, '6.0'),
(879, '50 Children: The Rescue Mission of Mr. And Mrs. Kr', 'Horror', '2005-09-18', 120, '4.4'),
(880, 'Ambush Trail', 'Romance', '1990-05-20', 141, '8.8'),
(881, 'Freshman, The', 'Action', '2013-03-03', 83, '5.9'),
(882, 'Trois', 'Comedy', '2014-02-25', 140, '5.9'),
(883, 'Wife vs. Secretary', 'Sci-Fi', '1992-12-30', 102, '9.3'),
(884, 'Million Dollar Mermaid', 'Action', '2016-02-20', 133, '3.8'),
(885, 'Cargo', 'Drama', '1992-08-08', 175, '7.4'),
(886, 'Reefer Madness: The Movie Musical', 'Sci-Fi', '2004-03-29', 113, '8.2'),
(887, 'There Will Be No Leave Today (Segodnya uvolneniya ', 'Sci-Fi', '2020-09-12', 98, '4.7'),
(888, 'American Sniper', 'Romance', '2010-08-11', 79, '9.8'),
(889, 'Up in the Air', 'Animation', '1997-11-28', 158, '4.2'),
(890, 'Terrorizers, The (Kong bu fen zi)', 'Animation', '1991-08-02', 77, '4.1'),
(891, 'Gothic', 'Animation', '2011-01-28', 109, '8.3'),
(892, 'Slender Thread, The', 'Thriller', '1993-10-30', 160, '8.6'),
(893, 'Dragon Ball Z: Fusion Reborn (Doragon bôru Z 12: F', 'Sci-Fi', '2012-05-17', 67, '7.5'),
(894, 'Red Hook Summer', 'Thriller', '2001-03-20', 130, '5.4'),
(895, 'Silent One, The', 'Comedy', '2011-05-22', 112, '8.6'),
(896, 'West of Zanzibar', 'Horror', '2010-02-12', 160, '3.9'),
(897, 'Lightning in a Bottle', 'Thriller', '1991-08-13', 92, '9.1'),
(898, 'Prodigal Sons', 'Sci-Fi', '1997-04-07', 115, '4.8'),
(899, 'First Name: Carmen (Prénom Carmen)', 'Horror', '2011-07-11', 137, '5.6'),
(900, 'Extremely Loud and Incredibly Close', 'Comedy', '2012-07-18', 165, '4.1'),
(901, 'Weight of the Nation', 'Drama', '1996-08-07', 96, '7.3'),
(902, 'Bride Wore Black, The (La mariée était en noir)', 'Horror', '1998-05-13', 86, '9.8'),
(903, 'Ballou', 'Romance', '2019-10-28', 152, '8.3'),
(904, 'Keeper, The', 'Drama', '2001-09-27', 92, '8.5'),
(905, 'Genocide', 'Thriller', '1995-08-21', 158, '9.8'),
(906, 'Fast Food, Fast Women', 'Thriller', '2000-12-16', 165, '9.9'),
(907, 'Pittsburgh', 'Action', '1995-03-24', 135, '8.9'),
(908, 'Conclave, The', 'Drama', '1990-07-09', 127, '9.2'),
(909, 'La Soufrière - Warten auf eine unausweichliche Kat', 'Drama', '1990-07-31', 83, '9.1'),
(910, 'Tin Star, The', 'Drama', '2010-09-18', 162, '7.9'),
(911, 'Mysterious Island', 'Drama', '2023-03-04', 70, '3.9'),
(912, 'Memories (Memorîzu)', 'Comedy', '2011-05-15', 100, '4.8'),
(913, 'At Berkeley', 'Thriller', '2023-11-13', 162, '5.3'),
(914, 'The Things of Life', 'Romance', '2015-11-21', 62, '5.4'),
(915, 'Rules of Engagement', 'Action', '2013-01-25', 111, '8.9'),
(916, 'Three Stars', 'Romance', '2007-11-23', 61, '6.8'),
(917, 'Making a Killing: The Untold Story of Psychotropic', 'Romance', '2024-04-08', 64, '3.5'),
(918, 'Bakery Girl of Monceau, The (La boulangère de Monc', 'Comedy', '2010-08-01', 67, '4.6'),
(919, 'Cry, The (Grido, Il)', 'Action', '1995-07-22', 89, '3.7'),
(920, 'Cool World, The', 'Horror', '2010-05-09', 170, '7.5'),
(921, 'Outlaw, The', 'Sci-Fi', '2001-10-10', 60, '10.0'),
(922, 'Northerners, The (De noorderlingen)', 'Comedy', '1997-10-21', 86, '9.9'),
(923, 'Brute, The (Bruto, El)', 'Action', '2012-10-04', 156, '9.9'),
(924, 'Cutting Edge: Going for the Gold, The', 'Sci-Fi', '2000-03-11', 137, '3.8'),
(925, 'Hamlet', 'Animation', '1994-10-16', 93, '3.7'),
(926, 'Deterrence', 'Action', '1993-01-25', 101, '8.3'),
(927, 'Nymphomaniac: Volume II', 'Thriller', '2010-11-25', 134, '6.1'),
(928, 'Human Family Tree, The', 'Drama', '2008-05-02', 115, '9.8'),
(929, 'For Love of the Game', 'Drama', '2002-05-09', 120, '5.5'),
(930, 'Shoot the Moon', 'Drama', '2006-02-03', 147, '5.3'),
(931, 'Fred & Vinnie', 'Comedy', '2016-11-23', 132, '8.2'),
(932, 'That Darn Cat!', 'Romance', '2020-11-11', 93, '7.5'),
(933, 'Pearl, The (La perla)', 'Action', '2013-03-10', 113, '6.3'),
(934, 'Red Psalm (Még kér a nép)', 'Action', '2003-01-16', 120, '6.0'),
(935, 'Dirty Deeds', 'Comedy', '2004-06-27', 98, '6.4'),
(936, 'Dark Touch', 'Drama', '2008-10-05', 115, '4.5'),
(937, 'House of Seven Corpses, The', 'Thriller', '2007-09-19', 62, '4.4'),
(938, 'Naked Man, The', 'Thriller', '2016-05-10', 151, '7.9'),
(939, 'Sherlock Holmes: Dressed to Kill', 'Sci-Fi', '2010-06-28', 120, '5.1'),
(940, 'Dolphin Tale 2', 'Sci-Fi', '1992-02-13', 67, '7.5'),
(941, 'The Fuller Brush Girl', 'Drama', '2020-02-23', 94, '5.2'),
(942, 'Air Force', 'Drama', '2019-05-06', 153, '9.8'),
(943, 'Corruption (a.k.a. Carnage)', 'Horror', '2004-02-29', 118, '7.8'),
(944, 'Gambit', 'Horror', '2018-03-28', 158, '6.7'),
(945, 'Every Day', 'Romance', '1994-12-06', 94, '3.6'),
(946, 'Veteran, The', 'Horror', '2001-01-15', 78, '6.6'),
(947, 'Barkleys of Broadway, The', 'Sci-Fi', '2009-11-27', 70, '4.1'),
(948, 'Return of the Living Dead: Necropolis', 'Comedy', '2015-04-13', 146, '8.3'),
(949, 'Lucky', 'Sci-Fi', '2015-01-17', 74, '7.9'),
(950, 'Muck', 'Animation', '1998-08-24', 128, '4.1'),
(951, 'Girl on the Train, The', 'Comedy', '2018-02-12', 72, '8.5'),
(952, 'Long Day Closes, The', 'Thriller', '1997-10-08', 140, '7.5'),
(953, 'Rapture (Arrebato)', 'Thriller', '1997-09-20', 65, '8.1'),
(954, 'Journey to the West: Conquering the Demons (Daai w', 'Horror', '1997-07-29', 66, '9.1'),
(955, 'Supervixens', 'Sci-Fi', '2002-05-09', 69, '8.4'),
(956, 'Atomic States of America, The', 'Drama', '2016-03-04', 91, '8.9'),
(957, 'The Night That Panicked America', 'Animation', '2024-10-05', 70, '7.1'),
(958, 'Big Bully', 'Thriller', '2017-02-02', 105, '4.0'),
(959, 'Double Indemnity', 'Drama', '1995-04-19', 71, '5.1'),
(960, 'Inuyasha the Movie: The Castle Beyond the Looking ', 'Sci-Fi', '2013-01-17', 173, '7.3'),
(961, 'I Travel Alone', 'Animation', '1997-05-31', 69, '5.8'),
(962, 'Wavelength', 'Drama', '1993-01-29', 83, '6.0'),
(963, 'Lucky Break', 'Comedy', '2013-08-20', 139, '5.9'),
(964, 'We Are the Best! (Vi är bäst!)', 'Romance', '2020-10-13', 89, '4.0'),
(965, 'Diary of a Mad Housewife', 'Romance', '2014-08-22', 124, '6.2'),
(966, 'Burning Palms', 'Thriller', '2014-10-20', 173, '7.4'),
(967, 'Freeway', 'Romance', '2001-09-14', 100, '4.0'),
(968, 'Liberty Heights', 'Action', '2012-06-29', 146, '5.7'),
(969, 'Lawnmower Man 2: Beyond Cyberspace', 'Action', '2011-12-28', 163, '9.7'),
(970, 'Ed Hardy: Tattoo the World ', 'Thriller', '2014-10-10', 141, '6.2'),
(971, 'Love Songs (Les chansons d\'amour)', 'Sci-Fi', '2016-01-07', 160, '5.6'),
(972, 'Smokers Only (Vagón Fumador)', 'Thriller', '2000-07-30', 89, '6.4'),
(973, 'Cheri', 'Horror', '2023-06-26', 83, '6.6'),
(974, 'You Will Meet a Tall Dark Stranger', 'Romance', '2023-11-28', 79, '9.0'),
(975, 'Requiem', 'Thriller', '1994-08-07', 165, '6.2'),
(976, 'Lost Boys of Sudan', 'Thriller', '2016-12-11', 92, '6.8'),
(977, 'Kidnapping, Caucasian Style (Kavkazskaya plennitsa', 'Action', '2011-11-09', 174, '9.9'),
(978, 'Day of the Falcon', 'Thriller', '2000-08-20', 141, '8.9'),
(979, 'Way of the Dragon, The (a.k.a. Return of the Drago', 'Action', '2019-04-01', 86, '9.8'),
(980, 'Lodger, The', 'Thriller', '2013-05-30', 122, '3.1'),
(981, 'Red Road', 'Action', '2016-07-15', 63, '5.3'),
(982, 'Ghost and the Darkness, The', 'Sci-Fi', '2010-11-15', 76, '9.7'),
(983, 'Joint Security Area (Gongdong gyeongbi guyeok JSA)', 'Horror', '2009-12-27', 116, '8.1'),
(984, 'Général Idi Amin Dada: A Self Portrait (Général Id', 'Romance', '2001-05-05', 85, '7.8'),
(985, 'Inspector General, The', 'Animation', '2023-09-04', 159, '8.4'),
(986, 'Second Honeymoon', 'Comedy', '2008-08-10', 105, '3.8'),
(987, 'Five Senses, The', 'Comedy', '2001-12-07', 96, '5.6'),
(988, 'Missing in Action 2: The Beginning', 'Animation', '1994-01-12', 108, '8.7'),
(989, 'Very Happy Alexander (Alexandre le bienheureux)', 'Animation', '2010-12-08', 97, '4.6'),
(990, 'Little Big Soldier (Da bing xiao jiang)', 'Sci-Fi', '2006-12-23', 91, '5.7'),
(991, 'Fantastic Four', 'Romance', '2010-12-19', 87, '6.1'),
(992, 'Wheels on Meals (Kuai can che)', 'Sci-Fi', '1999-04-09', 71, '7.7'),
(993, 'Fanfan la Tulipe (Fan-Fan the Tulip)', 'Comedy', '1998-07-31', 120, '6.1'),
(994, 'American Rhapsody, An', 'Animation', '2013-07-27', 95, '4.5'),
(995, 'Dirty Rotten Scoundrels', 'Horror', '1999-09-13', 123, '3.0'),
(996, 'Election Day', 'Romance', '1997-12-24', 84, '8.0'),
(997, 'Brother Bear 2', 'Romance', '2022-06-23', 112, '5.0'),
(998, 'Club Sandwich', 'Horror', '2006-03-15', 95, '7.8'),
(999, 'Bound for Glory', 'Comedy', '2024-02-09', 177, '4.4'),
(1000, 'Tony Rome', 'Sci-Fi', '2012-07-21', 88, '7.4');

-- --------------------------------------------------------

--
-- Structure de la table `Rentals`
--

CREATE TABLE `Rentals` (
  `id` int(11) NOT NULL,
  `customer_id` int(11) DEFAULT NULL,
  `movie_id` int(11) DEFAULT NULL,
  `rental_date` date DEFAULT NULL,
  `rental_price` decimal(3,2) DEFAULT NULL
) ENGINE=InnoDB DEFAULT CHARSET=utf8;

--
-- Déchargement des données de la table `Rentals`
--

INSERT INTO `Rentals` (`id`, `customer_id`, `movie_id`, `rental_date`, `rental_price`) VALUES
(1, 22, 780, '2023-01-08', '2.95'),
(2, 33, 249, '2024-03-23', '4.07'),
(3, 17, 752, '2021-01-29', '3.82'),
(4, 17, 543, '2021-12-07', '4.83'),
(5, 35, 693, '2023-05-15', '3.23'),
(6, 30, 74, '2022-12-29', '4.49'),
(7, 34, 323, '2023-06-17', '3.37'),
(8, 29, 64, '2021-05-17', '4.61'),
(9, 7, 564, '2022-12-30', '2.50'),
(10, 27, 530, '2020-04-14', '4.19'),
(11, 14, 848, '2020-06-26', '4.49'),
(12, 22, 830, '2021-03-31', '2.07'),
(13, 37, 274, '2023-02-04', '2.14'),
(14, 24, 646, '2020-09-06', '4.34'),
(15, 48, 185, '2023-08-17', '2.76'),
(16, 10, 958, '2024-08-14', '3.53'),
(17, 4, 621, '2022-01-13', '3.59'),
(18, 5, 620, '2024-08-05', '3.90'),
(19, 9, 685, '2024-10-10', '3.16'),
(20, 42, 633, '2021-10-20', '2.19'),
(21, 38, 219, '2023-11-19', '2.21'),
(22, 2, 42, '2020-01-10', '2.17'),
(23, 23, 30, '2024-09-21', '2.16'),
(24, 36, 400, '2021-09-27', '4.83'),
(25, 16, 231, '2020-09-08', '3.78'),
(26, 44, 59, '2022-02-11', '2.39'),
(27, 2, 53, '2023-12-25', '4.54'),
(28, 33, 1, '2020-07-29', '3.90'),
(29, 19, 479, '2020-06-02', '2.28'),
(30, 14, 302, '2022-01-29', '4.47'),
(31, 22, 115, '2021-05-04', '2.82'),
(32, 13, 649, '2021-05-15', '3.90'),
(33, 6, 353, '2021-10-01', '2.31'),
(34, 40, 486, '2021-09-03', '4.36'),
(35, 12, 140, '2024-06-29', '3.93'),
(36, 39, 933, '2020-08-16', '4.25'),
(37, 12, 301, '2023-08-07', '3.42'),
(38, 8, 821, '2023-03-17', '2.78'),
(39, 23, 966, '2024-05-04', '4.58'),
(40, 1, 7, '2024-02-22', '4.32'),
(41, 5, 10, '2021-06-05', '3.31'),
(42, 35, 339, '2022-09-06', '3.73'),
(43, 33, 919, '2024-04-22', '4.95'),
(44, 46, 168, '2020-09-13', '2.21'),
(45, 36, 990, '2023-05-13', '4.89'),
(46, 44, 922, '2020-07-24', '3.56'),
(47, 1, 23, '2020-05-19', '4.23'),
(48, 20, 270, '2021-10-01', '2.76'),
(49, 1, 464, '2021-09-08', '4.35'),
(50, 15, 210, '2021-04-29', '2.87'),
(51, 43, 140, '2020-12-05', '4.57'),
(52, 2, 858, '2022-08-28', '2.10'),
(53, 42, 626, '2024-03-23', '2.27'),
(54, 42, 202, '2024-11-30', '4.08'),
(55, 19, 727, '2021-01-26', '2.93'),
(56, 31, 918, '2024-03-29', '3.18'),
(57, 40, 118, '2020-11-09', '4.40'),
(58, 19, 930, '2020-06-01', '2.96'),
(59, 29, 209, '2020-11-06', '3.68'),
(60, 29, 407, '2022-02-10', '4.97'),
(61, 3, 667, '2024-01-26', '2.73'),
(62, 17, 967, '2024-08-13', '3.32'),
(63, 37, 905, '2023-03-04', '3.08'),
(64, 4, 355, '2021-07-22', '3.82'),
(65, 43, 514, '2023-04-06', '4.47'),
(66, 9, 243, '2022-12-07', '3.91'),
(67, 26, 222, '2023-10-02', '4.58'),
(68, 33, 663, '2020-01-10', '3.73'),
(69, 27, 824, '2022-04-10', '2.74'),
(70, 44, 101, '2021-08-10', '3.65'),
(71, 25, 442, '2023-01-11', '3.32'),
(72, 38, 396, '2024-04-20', '3.82'),
(73, 4, 935, '2024-03-18', '3.03'),
(74, 46, 886, '2024-07-24', '3.40'),
(75, 34, 629, '2021-06-09', '2.40'),
(76, 48, 536, '2024-11-16', '4.84'),
(77, 42, 200, '2020-04-01', '4.89'),
(78, 38, 123, '2021-10-07', '4.65'),
(79, 24, 81, '2023-02-16', '4.49'),
(80, 45, 19, '2021-04-03', '2.48'),
(81, 2, 369, '2022-01-25', '3.53'),
(82, 7, 503, '2020-08-30', '2.45'),
(83, 6, 491, '2022-01-04', '3.28'),
(84, 11, 39, '2023-06-07', '4.84'),
(85, 12, 477, '2022-07-15', '2.83'),
(86, 36, 615, '2022-07-01', '4.28'),
(87, 19, 927, '2023-06-03', '3.34'),
(88, 10, 489, '2022-05-19', '2.88'),
(89, 43, 669, '2023-03-29', '2.80'),
(90, 36, 396, '2024-10-07', '4.56'),
(91, 47, 746, '2024-06-14', '2.69'),
(92, 49, 583, '2024-01-05', '3.66'),
(93, 46, 778, '2023-05-13', '3.44'),
(94, 15, 456, '2024-01-22', '4.74'),
(95, 42, 725, '2020-12-12', '3.71'),
(96, 2, 884, '2022-03-23', '4.33'),
(97, 11, 750, '2022-05-29', '2.92'),
(98, 14, 451, '2021-07-16', '3.16'),
(99, 23, 912, '2022-11-27', '2.01'),
(100, 25, 397, '2024-08-03', '3.37'),
(101, 21, 271, '2023-02-13', '3.49'),
(102, 48, 298, '2024-12-20', '2.30'),
(103, 46, 115, '2021-04-08', '2.19'),
(104, 48, 367, '2021-08-18', '3.27'),
(105, 26, 59, '2021-05-04', '4.89'),
(106, 39, 333, '2022-10-13', '2.30'),
(107, 39, 35, '2024-05-27', '4.70'),
(108, 3, 233, '2023-09-28', '4.98'),
(109, 7, 441, '2024-02-07', '4.36'),
(110, 32, 150, '2020-07-30', '4.10'),
(111, 12, 814, '2021-06-11', '3.78'),
(112, 50, 19, '2023-08-13', '4.42'),
(113, 8, 375, '2020-11-18', '3.81'),
(114, 12, 478, '2020-02-11', '4.13'),
(115, 32, 584, '2021-01-10', '3.74'),
(116, 25, 487, '2020-10-16', '4.26'),
(117, 35, 845, '2023-01-09', '2.30'),
(118, 22, 810, '2020-07-05', '3.45'),
(119, 36, 287, '2023-12-26', '2.04'),
(120, 9, 46, '2020-07-19', '4.11'),
(121, 45, 565, '2020-04-13', '3.41'),
(122, 25, 975, '2023-04-10', '2.06'),
(123, 17, 364, '2020-04-01', '4.15'),
(124, 11, 829, '2020-12-27', '4.33'),
(125, 40, 565, '2024-02-13', '3.05'),
(126, 43, 400, '2023-06-07', '4.13'),
(127, 15, 360, '2022-08-27', '3.71'),
(128, 39, 12, '2024-04-20', '3.07'),
(129, 25, 831, '2020-11-23', '3.93'),
(130, 7, 733, '2022-01-15', '4.34'),
(131, 29, 830, '2024-06-14', '4.32'),
(132, 23, 967, '2023-08-11', '2.87'),
(133, 28, 978, '2023-08-06', '3.47'),
(134, 21, 866, '2023-02-28', '3.67'),
(135, 22, 884, '2020-04-22', '3.86'),
(136, 43, 939, '2021-11-20', '3.85'),
(137, 5, 779, '2022-10-18', '4.10'),
(138, 40, 88, '2021-01-29', '4.79'),
(139, 39, 798, '2024-11-12', '4.04'),
(140, 18, 890, '2022-10-20', '2.76'),
(141, 9, 428, '2022-05-12', '2.04'),
(142, 13, 733, '2020-08-23', '4.62'),
(143, 7, 290, '2021-01-05', '2.81'),
(144, 27, 891, '2023-06-05', '3.00'),
(145, 46, 287, '2022-06-07', '2.69'),
(146, 5, 790, '2021-06-06', '2.64'),
(147, 6, 834, '2020-04-19', '3.43'),
(148, 19, 617, '2021-02-10', '3.88'),
(149, 24, 963, '2020-06-06', '2.43'),
(150, 9, 487, '2020-04-16', '2.80'),
(151, 20, 438, '2021-11-26', '4.25'),
(152, 37, 427, '2023-08-23', '3.03'),
(153, 44, 699, '2022-12-11', '4.76'),
(154, 45, 452, '2021-03-22', '3.84'),
(155, 18, 667, '2023-07-30', '4.81'),
(156, 23, 160, '2023-07-11', '4.72'),
(157, 13, 358, '2023-07-25', '4.19'),
(158, 43, 353, '2020-06-27', '3.74'),
(159, 39, 735, '2022-06-23', '4.75'),
(160, 29, 505, '2022-10-23', '4.26'),
(161, 24, 972, '2022-04-23', '3.60'),
(162, 36, 574, '2020-04-02', '4.95'),
(163, 7, 114, '2024-05-26', '2.06'),
(164, 26, 762, '2023-06-16', '4.94'),
(165, 36, 828, '2023-06-09', '3.25'),
(166, 21, 550, '2020-01-28', '2.16'),
(167, 23, 617, '2020-11-30', '4.15'),
(168, 20, 599, '2023-07-30', '3.44'),
(169, 39, 620, '2024-04-25', '3.89'),
(170, 42, 226, '2020-10-31', '4.17'),
(171, 23, 508, '2021-12-31', '2.53'),
(172, 34, 189, '2021-04-24', '4.89'),
(173, 49, 464, '2020-05-10', '4.53'),
(174, 12, 144, '2024-07-05', '2.65'),
(175, 46, 970, '2021-12-06', '3.84'),
(176, 32, 273, '2021-05-17', '4.80'),
(177, 6, 374, '2023-11-11', '4.05'),
(178, 26, 860, '2022-08-27', '3.90'),
(179, 42, 789, '2024-06-17', '4.85'),
(180, 42, 819, '2020-07-01', '3.55'),
(181, 41, 294, '2021-11-08', '4.66'),
(182, 40, 193, '2022-04-05', '3.59'),
(183, 6, 594, '2024-05-10', '3.77'),
(184, 9, 136, '2024-01-28', '2.95'),
(185, 22, 733, '2022-05-12', '3.45'),
(186, 9, 144, '2020-06-09', '3.03'),
(187, 1, 168, '2023-04-26', '4.53'),
(188, 39, 986, '2021-07-07', '4.58'),
(189, 6, 1000, '2020-11-07', '2.89'),
(190, 38, 378, '2023-06-07', '3.14'),
(191, 42, 795, '2023-10-14', '2.62'),
(192, 20, 493, '2023-11-29', '4.04'),
(193, 20, 428, '2020-08-23', '4.74'),
(194, 14, 256, '2024-12-23', '3.14'),
(195, 11, 73, '2022-04-10', '4.92'),
(196, 18, 9, '2024-01-08', '4.23'),
(197, 15, 223, '2023-01-20', '3.67'),
(198, 1, 957, '2022-03-30', '3.97'),
(199, 16, 727, '2024-09-20', '4.06'),
(200, 35, 324, '2020-07-13', '4.64'),
(201, 9, 508, '2022-03-11', '4.69'),
(202, 5, 133, '2022-10-07', '2.79'),
(203, 25, 157, '2023-04-24', '3.55'),
(204, 41, 930, '2020-07-16', '2.78'),
(205, 33, 278, '2020-05-18', '4.65'),
(206, 14, 296, '2021-03-09', '2.18'),
(207, 31, 847, '2022-04-03', '4.56'),
(208, 43, 733, '2021-04-21', '4.45'),
(209, 39, 338, '2021-11-18', '4.80'),
(210, 23, 872, '2021-09-04', '3.89'),
(211, 45, 74, '2022-07-07', '2.98'),
(212, 34, 106, '2023-06-16', '3.34'),
(213, 42, 356, '2024-09-04', '2.38'),
(214, 7, 875, '2021-05-05', '3.11'),
(215, 31, 371, '2023-03-04', '4.01'),
(216, 20, 344, '2022-11-21', '4.85'),
(217, 42, 460, '2023-05-30', '3.89'),
(218, 34, 323, '2022-10-02', '4.64'),
(219, 18, 474, '2022-09-01', '3.55'),
(220, 27, 282, '2024-02-03', '2.47'),
(221, 39, 103, '2022-08-24', '2.66'),
(222, 22, 427, '2024-12-02', '3.61'),
(223, 29, 930, '2023-06-01', '4.00'),
(224, 32, 30, '2020-06-17', '2.71'),
(225, 12, 32, '2024-10-06', '2.89'),
(226, 38, 207, '2022-05-04', '3.77'),
(227, 44, 268, '2020-03-22', '4.68'),
(228, 23, 221, '2020-04-03', '4.33'),
(229, 19, 829, '2021-11-26', '3.61'),
(230, 38, 293, '2024-06-30', '3.24'),
(231, 30, 245, '2024-10-04', '4.60'),
(232, 49, 562, '2021-10-11', '4.99'),
(233, 23, 414, '2020-04-16', '4.20'),
(234, 36, 546, '2022-08-15', '4.79'),
(235, 29, 300, '2020-12-19', '4.16'),
(236, 23, 941, '2024-06-20', '3.32'),
(237, 47, 365, '2021-09-03', '3.51'),
(238, 49, 103, '2020-07-16', '2.68'),
(239, 48, 612, '2022-12-05', '3.57'),
(240, 47, 954, '2020-12-30', '4.82'),
(241, 25, 641, '2022-10-26', '4.67'),
(242, 14, 808, '2022-06-24', '4.47'),
(243, 44, 216, '2021-04-30', '4.37'),
(244, 7, 524, '2023-04-05', '2.48'),
(245, 49, 497, '2024-12-16', '4.97'),
(246, 27, 192, '2024-05-14', '2.65'),
(247, 3, 22, '2020-04-01', '3.61'),
(248, 42, 379, '2024-09-13', '3.16'),
(249, 35, 345, '2021-12-29', '2.02'),
(250, 2, 863, '2024-12-27', '3.47'),
(251, 32, 921, '2023-09-16', '4.36'),
(252, 37, 1, '2022-08-26', '4.86'),
(253, 16, 375, '2021-02-23', '3.25'),
(254, 36, 196, '2020-06-16', '3.17'),
(255, 12, 719, '2024-06-24', '4.58'),
(256, 32, 673, '2020-09-18', '4.61'),
(257, 8, 965, '2021-01-23', '4.60'),
(258, 2, 952, '2023-04-13', '4.90'),
(259, 33, 386, '2020-04-25', '3.47'),
(260, 27, 321, '2021-09-14', '2.32'),
(261, 32, 654, '2024-04-24', '2.57'),
(262, 13, 916, '2022-06-04', '4.12'),
(263, 6, 390, '2020-05-15', '2.83'),
(264, 4, 627, '2022-11-11', '2.89'),
(265, 17, 142, '2022-03-11', '4.17'),
(266, 1, 82, '2023-07-07', '2.25'),
(267, 47, 230, '2020-02-03', '4.50'),
(268, 23, 354, '2021-10-07', '4.77'),
(269, 28, 912, '2023-04-24', '3.44'),
(270, 44, 540, '2023-07-06', '2.16'),
(271, 1, 663, '2021-03-16', '4.36'),
(272, 40, 841, '2021-10-21', '3.49'),
(273, 24, 780, '2023-08-30', '3.17'),
(274, 4, 254, '2022-12-12', '2.82'),
(275, 22, 430, '2020-09-30', '4.34'),
(276, 18, 94, '2024-08-08', '2.95'),
(277, 32, 857, '2021-12-12', '3.10'),
(278, 2, 378, '2022-06-15', '3.32'),
(279, 38, 101, '2021-09-22', '4.22'),
(280, 10, 105, '2023-07-12', '3.00'),
(281, 42, 781, '2020-04-11', '3.27'),
(282, 16, 434, '2020-01-10', '3.22'),
(283, 32, 811, '2021-03-23', '3.57'),
(284, 6, 518, '2020-06-23', '2.55'),
(285, 39, 603, '2022-04-20', '4.19'),
(286, 24, 118, '2021-02-10', '4.13'),
(287, 26, 809, '2024-06-01', '3.29'),
(288, 19, 470, '2024-06-27', '3.84'),
(289, 33, 98, '2024-09-30', '4.79'),
(290, 2, 157, '2021-01-26', '4.16'),
(291, 42, 194, '2022-10-29', '3.16'),
(292, 39, 516, '2020-04-10', '3.43'),
(293, 30, 911, '2020-09-19', '2.09'),
(294, 35, 312, '2021-04-28', '4.75'),
(295, 17, 360, '2020-03-04', '4.70'),
(296, 29, 967, '2024-03-17', '3.04'),
(297, 45, 753, '2021-03-24', '4.93'),
(298, 17, 204, '2022-07-15', '2.94'),
(299, 25, 899, '2024-06-07', '2.32'),
(300, 49, 969, '2022-04-18', '3.17'),
(301, 30, 693, '2021-05-20', '4.55'),
(302, 50, 506, '2024-09-20', '3.96'),
(303, 26, 233, '2023-07-03', '4.39'),
(304, 19, 306, '2020-06-24', '4.71'),
(305, 40, 952, '2020-05-04', '4.65'),
(306, 18, 555, '2022-07-12', '3.31'),
(307, 31, 278, '2022-06-11', '3.51'),
(308, 34, 563, '2020-10-21', '3.06'),
(309, 21, 129, '2022-11-30', '2.43'),
(310, 25, 97, '2023-11-20', '4.65'),
(311, 3, 796, '2021-05-23', '2.63'),
(312, 21, 499, '2023-09-05', '2.71'),
(313, 12, 717, '2021-05-05', '4.21'),
(314, 16, 260, '2022-08-20', '3.58'),
(315, 43, 693, '2023-12-25', '4.29'),
(316, 10, 778, '2020-10-05', '4.84'),
(317, 14, 300, '2022-06-02', '3.87'),
(318, 37, 829, '2023-05-15', '4.96'),
(319, 10, 276, '2024-04-29', '2.09'),
(320, 13, 893, '2021-07-15', '2.61'),
(321, 26, 954, '2023-04-05', '3.78'),
(322, 14, 713, '2023-09-28', '4.37'),
(323, 23, 338, '2021-11-20', '4.55'),
(324, 43, 432, '2024-03-09', '4.85'),
(325, 24, 582, '2024-04-28', '4.46'),
(326, 29, 90, '2021-05-04', '3.44'),
(327, 21, 661, '2023-12-21', '4.10'),
(328, 37, 712, '2022-09-03', '2.63'),
(329, 22, 719, '2021-10-30', '4.97'),
(330, 32, 77, '2021-08-29', '2.85'),
(331, 24, 78, '2020-09-07', '3.28'),
(332, 47, 360, '2021-06-09', '2.99'),
(333, 19, 757, '2021-08-25', '3.94'),
(334, 23, 762, '2024-08-28', '4.90'),
(335, 20, 192, '2022-08-14', '2.80'),
(336, 39, 98, '2021-02-26', '4.18'),
(337, 26, 690, '2022-06-01', '3.39'),
(338, 3, 400, '2023-11-05', '2.28'),
(339, 45, 491, '2023-01-13', '4.69'),
(340, 37, 894, '2023-07-07', '3.33'),
(341, 27, 194, '2024-11-18', '2.35'),
(342, 1, 897, '2024-08-12', '3.65'),
(343, 50, 701, '2022-09-18', '2.27'),
(344, 27, 126, '2021-12-12', '4.28'),
(345, 14, 499, '2022-09-08', '3.35'),
(346, 35, 189, '2022-06-10', '2.37'),
(347, 18, 669, '2021-06-08', '3.08'),
(348, 40, 604, '2024-09-05', '3.88'),
(349, 8, 987, '2024-08-24', '3.04'),
(350, 6, 477, '2022-08-31', '3.92'),
(351, 5, 109, '2021-01-29', '2.62'),
(352, 35, 534, '2022-09-25', '2.28'),
(353, 50, 568, '2021-01-24', '3.32'),
(354, 1, 763, '2022-06-08', '3.20'),
(355, 7, 94, '2020-02-27', '3.90'),
(356, 30, 658, '2021-10-17', '3.00'),
(357, 32, 767, '2021-06-24', '4.55'),
(358, 14, 983, '2020-03-24', '4.70'),
(359, 46, 690, '2020-01-28', '4.79'),
(360, 47, 605, '2024-03-06', '3.83'),
(361, 40, 821, '2021-10-31', '4.83'),
(362, 12, 795, '2022-06-19', '2.31'),
(363, 5, 813, '2020-06-25', '2.80'),
(364, 24, 867, '2020-07-12', '2.49'),
(365, 7, 929, '2021-05-11', '3.05'),
(366, 35, 450, '2024-01-29', '2.91'),
(367, 16, 43, '2022-02-26', '2.05'),
(368, 39, 193, '2023-06-29', '4.24'),
(369, 20, 356, '2020-08-29', '2.27'),
(370, 47, 809, '2022-10-26', '4.99'),
(371, 18, 993, '2023-10-15', '2.59'),
(372, 8, 376, '2020-02-02', '2.53'),
(373, 13, 759, '2020-09-04', '2.13'),
(374, 46, 66, '2023-09-11', '2.05'),
(375, 48, 491, '2023-04-12', '4.89'),
(376, 44, 255, '2024-05-16', '4.10'),
(377, 31, 482, '2023-05-13', '4.30'),
(378, 3, 497, '2022-08-09', '2.59'),
(379, 40, 291, '2022-08-09', '2.58'),
(380, 2, 618, '2024-01-01', '3.11'),
(381, 17, 47, '2024-04-22', '3.99'),
(382, 8, 946, '2021-11-18', '3.11'),
(383, 21, 10, '2021-01-08', '4.29'),
(384, 38, 240, '2023-03-31', '3.61'),
(385, 1, 32, '2024-04-27', '3.00'),
(386, 18, 526, '2023-08-22', '4.99'),
(387, 41, 742, '2024-01-03', '3.21'),
(388, 11, 711, '2024-01-02', '2.07'),
(389, 31, 194, '2021-09-06', '4.97'),
(390, 24, 902, '2023-07-18', '2.41'),
(391, 34, 192, '2022-11-14', '4.10'),
(392, 17, 398, '2022-06-21', '4.99'),
(393, 43, 81, '2023-05-17', '4.12'),
(394, 38, 776, '2021-06-25', '4.03'),
(395, 43, 381, '2021-04-03', '4.77'),
(396, 23, 1, '2024-09-17', '4.75'),
(397, 21, 67, '2024-01-01', '3.94'),
(398, 34, 757, '2024-02-01', '2.27'),
(399, 36, 151, '2022-05-21', '2.20'),
(400, 1, 726, '2023-02-14', '4.06'),
(401, 43, 562, '2020-05-16', '4.49'),
(402, 38, 614, '2021-08-04', '4.79'),
(403, 5, 243, '2021-01-10', '2.72'),
(404, 31, 224, '2022-07-16', '2.25'),
(405, 2, 836, '2022-09-24', '2.04'),
(406, 47, 270, '2020-12-18', '4.09'),
(407, 45, 39, '2022-03-19', '3.59'),
(408, 29, 135, '2020-05-27', '2.91'),
(409, 27, 666, '2024-12-16', '3.01'),
(410, 45, 781, '2021-05-03', '3.74'),
(411, 37, 883, '2020-10-01', '4.50'),
(412, 16, 814, '2021-05-10', '3.32'),
(413, 49, 372, '2021-07-21', '3.92'),
(414, 13, 187, '2020-05-03', '2.30'),
(415, 34, 578, '2022-10-31', '2.86'),
(416, 23, 348, '2023-04-19', '4.02'),
(417, 8, 645, '2024-10-07', '3.05'),
(418, 12, 150, '2021-05-03', '2.37'),
(419, 7, 667, '2020-11-08', '3.10'),
(420, 4, 337, '2022-06-07', '3.71'),
(421, 25, 441, '2023-02-12', '2.99'),
(422, 27, 449, '2022-09-18', '2.32'),
(423, 35, 215, '2022-06-24', '4.46'),
(424, 15, 516, '2023-09-25', '4.52'),
(425, 37, 537, '2022-01-29', '2.17'),
(426, 27, 696, '2022-11-14', '2.03'),
(427, 28, 576, '2023-12-07', '2.96'),
(428, 18, 862, '2023-05-01', '2.62'),
(429, 14, 174, '2023-10-30', '4.46'),
(430, 38, 349, '2024-10-25', '4.78'),
(431, 42, 590, '2022-05-02', '3.34'),
(432, 44, 227, '2024-11-02', '4.93'),
(433, 14, 600, '2022-10-30', '2.18'),
(434, 17, 166, '2021-02-15', '4.51'),
(435, 13, 926, '2021-07-03', '4.02'),
(436, 42, 973, '2024-04-18', '2.40'),
(437, 19, 467, '2023-04-06', '2.10'),
(438, 37, 17, '2021-08-26', '4.25'),
(439, 48, 856, '2023-09-06', '4.28'),
(440, 12, 959, '2023-07-20', '4.13'),
(441, 39, 237, '2021-04-16', '3.90'),
(442, 12, 579, '2023-03-20', '2.13'),
(443, 31, 535, '2022-10-27', '4.03'),
(444, 25, 246, '2020-09-27', '4.16'),
(445, 41, 389, '2021-06-03', '3.37'),
(446, 47, 470, '2021-03-13', '4.53'),
(447, 28, 416, '2020-10-09', '3.63'),
(448, 20, 646, '2020-12-23', '2.72'),
(449, 11, 669, '2020-09-25', '3.59'),
(450, 14, 269, '2022-08-18', '2.18'),
(451, 17, 562, '2023-06-02', '2.15'),
(452, 45, 226, '2022-09-13', '4.78'),
(453, 34, 927, '2021-10-10', '3.28'),
(454, 28, 327, '2021-07-26', '2.79'),
(455, 14, 873, '2024-07-01', '2.30'),
(456, 44, 227, '2021-12-17', '3.07'),
(457, 10, 162, '2021-05-07', '2.87'),
(458, 41, 558, '2022-04-29', '3.58'),
(459, 28, 873, '2021-03-03', '4.94'),
(460, 42, 80, '2024-11-23', '4.65'),
(461, 3, 233, '2022-03-24', '2.00'),
(462, 29, 515, '2021-01-08', '4.27'),
(463, 15, 527, '2020-11-30', '3.42'),
(464, 39, 107, '2024-10-20', '2.17'),
(465, 5, 500, '2021-12-22', '2.58'),
(466, 18, 489, '2022-07-31', '3.86'),
(467, 34, 147, '2022-09-11', '3.79'),
(468, 17, 6, '2024-12-28', '3.20'),
(469, 17, 244, '2024-07-15', '3.05'),
(470, 48, 359, '2023-06-11', '2.12'),
(471, 50, 151, '2021-11-21', '4.06'),
(472, 34, 820, '2021-09-24', '4.73'),
(473, 27, 166, '2022-12-14', '3.23'),
(474, 48, 613, '2020-09-28', '4.76'),
(475, 17, 864, '2021-07-06', '4.66'),
(476, 30, 956, '2024-11-27', '3.44'),
(477, 27, 309, '2021-07-10', '3.69'),
(478, 27, 364, '2023-08-26', '3.28'),
(479, 48, 225, '2022-02-20', '3.66'),
(480, 32, 714, '2024-10-03', '3.53'),
(481, 24, 968, '2024-12-28', '4.13'),
(482, 5, 11, '2022-04-07', '3.42'),
(483, 13, 948, '2021-07-04', '4.85'),
(484, 47, 321, '2024-06-30', '3.01'),
(485, 44, 460, '2024-02-13', '3.06'),
(486, 15, 334, '2020-07-23', '2.27'),
(487, 8, 623, '2022-11-20', '2.45'),
(488, 4, 891, '2020-04-24', '4.67'),
(489, 12, 661, '2022-10-10', '2.86'),
(490, 47, 874, '2020-08-05', '2.94'),
(491, 42, 998, '2022-05-29', '4.97'),
(492, 37, 946, '2023-09-05', '3.28'),
(493, 5, 762, '2024-05-19', '3.16'),
(494, 40, 818, '2021-08-13', '2.25'),
(495, 1, 869, '2022-11-25', '2.02'),
(496, 25, 116, '2021-08-15', '2.20'),
(497, 50, 598, '2023-06-26', '3.40'),
(498, 40, 227, '2020-02-23', '2.04'),
(499, 18, 80, '2024-03-20', '3.51'),
(500, 12, 867, '2023-05-27', '5.00'),
(501, 37, 549, '2024-09-24', '4.20'),
(502, 35, 969, '2021-03-20', '4.97'),
(503, 37, 465, '2020-12-03', '4.18'),
(504, 12, 683, '2021-08-19', '3.05'),
(505, 44, 813, '2022-03-25', '3.36'),
(506, 23, 551, '2021-06-26', '3.08'),
(507, 38, 538, '2023-06-15', '3.83'),
(508, 28, 476, '2021-10-27', '3.53'),
(509, 40, 78, '2023-09-13', '3.09'),
(510, 25, 345, '2023-02-15', '3.45'),
(511, 9, 890, '2023-09-04', '2.49'),
(512, 26, 696, '2024-08-24', '2.19'),
(513, 1, 834, '2022-11-25', '3.95'),
(514, 5, 48, '2022-08-25', '2.17'),
(515, 39, 566, '2021-01-03', '3.31'),
(516, 23, 906, '2024-06-28', '3.62'),
(517, 34, 639, '2023-07-10', '2.38'),
(518, 39, 755, '2022-08-18', '4.51'),
(519, 23, 136, '2024-06-29', '2.53'),
(520, 33, 903, '2024-08-01', '4.16'),
(521, 26, 257, '2023-07-18', '3.53'),
(522, 22, 813, '2022-08-25', '4.24'),
(523, 24, 743, '2020-01-15', '4.63'),
(524, 26, 171, '2023-01-30', '4.67'),
(525, 38, 24, '2024-07-14', '4.26'),
(526, 13, 575, '2020-07-15', '2.49'),
(527, 2, 98, '2021-11-21', '4.16'),
(528, 30, 331, '2022-06-27', '2.16'),
(529, 31, 352, '2024-12-05', '4.50'),
(530, 4, 930, '2022-12-03', '2.38'),
(531, 37, 836, '2023-12-05', '4.70'),
(532, 31, 766, '2021-05-25', '3.10'),
(533, 27, 403, '2022-08-27', '3.34'),
(534, 37, 485, '2022-08-04', '4.31'),
(535, 32, 674, '2024-07-02', '4.23'),
(536, 48, 615, '2021-12-08', '4.69'),
(537, 35, 870, '2021-08-11', '2.54'),
(538, 31, 887, '2020-05-03', '4.44'),
(539, 6, 620, '2021-01-27', '2.98'),
(540, 6, 504, '2021-01-19', '2.55'),
(541, 31, 567, '2024-12-25', '4.95'),
(542, 14, 34, '2024-01-22', '3.01'),
(543, 43, 817, '2022-05-20', '2.55'),
(544, 8, 677, '2020-11-23', '4.06'),
(545, 25, 241, '2020-08-16', '3.31'),
(546, 30, 186, '2021-04-03', '3.82'),
(547, 2, 271, '2021-07-18', '2.98'),
(548, 11, 111, '2020-03-10', '4.79'),
(549, 4, 522, '2021-06-23', '4.15'),
(550, 1, 548, '2023-06-27', '2.67'),
(551, 35, 745, '2024-10-15', '4.10'),
(552, 8, 107, '2020-03-16', '4.56'),
(553, 39, 388, '2022-01-29', '3.81'),
(554, 33, 67, '2021-07-21', '3.78'),
(555, 47, 314, '2023-04-05', '2.20'),
(556, 46, 470, '2020-05-14', '4.54'),
(557, 40, 982, '2020-07-09', '3.71'),
(558, 38, 55, '2022-10-26', '4.64'),
(559, 28, 41, '2024-10-12', '3.30'),
(560, 21, 828, '2024-05-25', '4.57'),
(561, 42, 218, '2021-05-22', '2.54'),
(562, 5, 221, '2020-07-07', '2.72'),
(563, 4, 647, '2020-04-24', '4.25'),
(564, 22, 16, '2023-01-08', '4.76'),
(565, 3, 44, '2020-05-18', '3.95'),
(566, 24, 95, '2022-06-26', '2.62'),
(567, 37, 89, '2022-07-23', '4.53'),
(568, 10, 876, '2022-02-23', '4.63'),
(569, 44, 558, '2021-02-21', '3.69'),
(570, 31, 41, '2021-04-01', '4.00'),
(571, 38, 944, '2021-06-06', '3.70'),
(572, 34, 122, '2021-10-09', '4.83'),
(573, 12, 16, '2021-06-14', '2.13'),
(574, 12, 692, '2021-08-03', '4.01'),
(575, 12, 177, '2024-12-11', '3.20'),
(576, 35, 878, '2023-01-21', '3.66'),
(577, 22, 924, '2024-12-05', '4.29'),
(578, 19, 6, '2024-11-01', '4.57'),
(579, 39, 983, '2022-11-20', '3.16'),
(580, 29, 919, '2023-03-05', '2.31'),
(581, 15, 684, '2021-09-02', '2.64'),
(582, 33, 18, '2021-06-14', '4.74'),
(583, 7, 597, '2023-07-10', '3.91'),
(584, 30, 56, '2023-12-27', '3.32'),
(585, 25, 768, '2023-09-16', '3.66'),
(586, 15, 258, '2020-12-20', '3.13'),
(587, 36, 926, '2023-02-23', '3.72'),
(588, 14, 503, '2022-12-11', '2.73'),
(589, 50, 68, '2021-08-29', '3.58'),
(590, 39, 764, '2022-10-08', '4.64'),
(591, 33, 670, '2023-03-17', '2.43'),
(592, 50, 146, '2024-11-18', '2.12'),
(593, 22, 210, '2023-12-03', '4.60'),
(594, 7, 652, '2024-06-20', '3.45'),
(595, 32, 691, '2021-07-24', '2.86'),
(596, 10, 34, '2023-08-21', '4.49'),
(597, 45, 615, '2022-11-03', '4.12'),
(598, 26, 12, '2021-07-16', '3.26'),
(599, 29, 339, '2023-01-11', '3.75'),
(600, 46, 224, '2021-04-15', '3.01'),
(601, 27, 502, '2023-08-23', '4.13'),
(602, 17, 399, '2022-06-15', '4.14'),
(603, 45, 811, '2022-02-28', '3.82'),
(604, 28, 277, '2024-10-30', '4.55'),
(605, 37, 288, '2021-04-09', '4.31'),
(606, 40, 177, '2020-01-07', '4.69'),
(607, 27, 339, '2021-10-25', '4.00'),
(608, 23, 18, '2021-02-26', '4.27'),
(609, 41, 512, '2024-08-10', '3.24'),
(610, 46, 413, '2024-08-11', '4.08'),
(611, 33, 441, '2024-02-14', '4.16'),
(612, 3, 77, '2024-02-29', '3.48'),
(613, 4, 655, '2020-01-21', '3.50'),
(614, 18, 975, '2023-05-28', '2.91'),
(615, 28, 290, '2023-07-02', '3.13'),
(616, 19, 162, '2020-04-09', '3.12'),
(617, 12, 310, '2024-07-16', '4.77'),
(618, 22, 744, '2024-12-21', '4.83'),
(619, 5, 716, '2024-10-28', '2.38'),
(620, 2, 978, '2024-04-29', '3.42'),
(621, 3, 241, '2021-03-25', '2.43'),
(622, 45, 513, '2024-12-13', '4.28'),
(623, 34, 315, '2022-07-29', '3.26'),
(624, 34, 42, '2021-07-16', '3.33'),
(625, 12, 396, '2023-08-19', '2.31'),
(626, 43, 93, '2021-03-06', '4.16'),
(627, 31, 400, '2020-04-23', '2.52'),
(628, 24, 853, '2022-04-03', '2.57'),
(629, 22, 483, '2024-06-23', '2.46'),
(630, 50, 474, '2022-05-04', '3.95'),
(631, 50, 206, '2022-08-24', '3.11'),
(632, 24, 289, '2022-06-05', '2.11'),
(633, 12, 653, '2022-12-20', '2.70'),
(634, 43, 206, '2021-06-16', '2.15'),
(635, 39, 900, '2022-03-01', '3.62'),
(636, 3, 222, '2022-02-27', '4.07'),
(637, 6, 193, '2023-07-24', '3.00'),
(638, 40, 281, '2020-06-28', '4.79'),
(639, 6, 131, '2024-07-14', '4.98'),
(640, 36, 934, '2024-08-01', '2.65'),
(641, 48, 351, '2020-07-21', '4.07'),
(642, 6, 716, '2023-12-01', '3.82'),
(643, 11, 356, '2024-02-14', '2.90'),
(644, 20, 603, '2023-09-20', '3.43'),
(645, 14, 334, '2022-03-24', '3.54'),
(646, 28, 228, '2020-05-22', '3.76'),
(647, 44, 587, '2023-11-05', '4.61'),
(648, 14, 365, '2020-04-15', '4.31'),
(649, 14, 720, '2024-08-21', '2.29'),
(650, 26, 748, '2024-05-19', '4.31'),
(651, 12, 487, '2020-07-05', '2.36'),
(652, 48, 985, '2021-02-13', '2.05'),
(653, 6, 184, '2024-03-19', '2.55'),
(654, 49, 784, '2023-06-07', '3.75'),
(655, 1, 851, '2021-03-05', '3.39'),
(656, 21, 959, '2024-11-19', '4.93'),
(657, 16, 641, '2023-04-12', '3.13'),
(658, 1, 735, '2023-04-23', '4.62'),
(659, 11, 910, '2023-06-27', '2.22'),
(660, 44, 786, '2023-12-21', '4.51'),
(661, 45, 140, '2022-11-29', '2.79'),
(662, 6, 470, '2023-06-14', '2.36'),
(663, 27, 526, '2022-03-15', '4.58'),
(664, 22, 541, '2023-09-25', '3.12'),
(665, 12, 804, '2022-07-02', '2.40'),
(666, 37, 56, '2024-05-03', '4.43'),
(667, 18, 72, '2020-08-05', '4.32'),
(668, 43, 532, '2020-01-13', '2.78'),
(669, 16, 418, '2021-05-26', '4.87'),
(670, 45, 289, '2022-06-08', '2.27'),
(671, 23, 368, '2023-05-22', '2.07'),
(672, 45, 841, '2024-01-17', '4.53'),
(673, 13, 916, '2024-01-19', '4.20'),
(674, 35, 926, '2023-11-01', '2.10'),
(675, 19, 623, '2022-04-27', '2.21'),
(676, 12, 762, '2021-11-16', '2.61'),
(677, 24, 457, '2023-07-26', '2.51'),
(678, 13, 764, '2023-04-19', '2.89'),
(679, 49, 301, '2024-12-17', '3.29'),
(680, 18, 12, '2021-04-20', '3.50'),
(681, 6, 328, '2024-11-29', '2.55'),
(682, 43, 872, '2024-11-07', '2.22'),
(683, 36, 300, '2020-06-29', '3.65'),
(684, 7, 487, '2024-05-03', '2.35'),
(685, 3, 547, '2023-01-30', '2.46'),
(686, 5, 336, '2020-02-18', '3.83'),
(687, 3, 765, '2022-01-06', '4.99'),
(688, 34, 30, '2023-11-22', '3.14'),
(689, 42, 683, '2023-06-09', '3.19'),
(690, 21, 26, '2020-12-11', '3.79'),
(691, 46, 800, '2024-12-07', '3.45'),
(692, 18, 704, '2024-09-07', '3.75'),
(693, 4, 8, '2024-08-11', '3.70'),
(694, 42, 373, '2023-11-21', '4.42'),
(695, 31, 899, '2024-06-14', '3.87'),
(696, 48, 856, '2023-09-23', '2.63'),
(697, 39, 992, '2020-04-18', '4.44'),
(698, 44, 789, '2021-08-22', '4.55'),
(699, 16, 88, '2021-03-15', '2.11'),
(700, 21, 783, '2021-06-24', '2.71'),
(701, 35, 181, '2022-04-29', '2.57'),
(702, 35, 438, '2023-02-04', '4.85'),
(703, 41, 882, '2022-06-08', '2.48'),
(704, 39, 515, '2021-10-07', '3.67'),
(705, 14, 754, '2022-05-13', '4.02'),
(706, 7, 293, '2021-08-24', '2.68'),
(707, 5, 238, '2021-12-07', '3.87'),
(708, 33, 362, '2021-10-06', '3.05'),
(709, 6, 492, '2022-10-03', '3.00'),
(710, 4, 709, '2024-07-16', '3.98'),
(711, 8, 29, '2023-08-29', '2.16'),
(712, 22, 449, '2023-01-19', '2.84'),
(713, 3, 4, '2020-05-28', '3.61'),
(714, 33, 965, '2020-08-07', '4.58'),
(715, 41, 885, '2021-08-13', '4.80'),
(716, 5, 313, '2021-09-24', '2.44'),
(717, 42, 382, '2020-05-21', '3.27'),
(718, 39, 993, '2024-01-25', '2.88'),
(719, 49, 182, '2020-01-11', '2.06'),
(720, 19, 10, '2021-07-24', '2.61'),
(721, 35, 327, '2020-05-11', '4.55'),
(722, 41, 702, '2021-07-31', '3.16'),
(723, 27, 507, '2020-07-05', '4.69'),
(724, 15, 81, '2022-12-31', '3.14'),
(725, 19, 924, '2023-10-06', '4.95'),
(726, 21, 55, '2020-12-08', '3.21'),
(727, 38, 594, '2023-07-13', '3.76'),
(728, 35, 414, '2022-01-23', '2.97'),
(729, 38, 385, '2020-09-22', '2.21'),
(730, 45, 747, '2022-04-17', '4.47'),
(731, 37, 14, '2021-12-14', '4.11'),
(732, 18, 300, '2024-06-11', '2.81'),
(733, 19, 458, '2022-10-24', '4.27'),
(734, 15, 168, '2020-08-22', '3.07'),
(735, 18, 746, '2021-09-20', '4.16'),
(736, 47, 364, '2021-06-17', '2.04'),
(737, 41, 751, '2023-07-14', '4.45'),
(738, 15, 168, '2021-01-14', '4.64'),
(739, 44, 448, '2021-12-10', '3.00'),
(740, 31, 1, '2024-05-24', '4.46'),
(741, 30, 533, '2024-07-06', '3.42'),
(742, 23, 487, '2024-10-27', '2.13'),
(743, 16, 524, '2022-03-21', '2.40'),
(744, 15, 454, '2023-06-13', '4.52'),
(745, 11, 145, '2024-07-27', '4.08'),
(746, 43, 922, '2022-07-05', '2.89'),
(747, 23, 984, '2024-12-17', '2.61'),
(748, 35, 695, '2022-03-17', '4.56'),
(749, 42, 17, '2021-09-04', '2.39'),
(750, 39, 839, '2022-10-18', '2.92'),
(751, 23, 83, '2023-11-20', '4.43'),
(752, 25, 542, '2020-04-01', '2.32'),
(753, 12, 130, '2020-01-02', '2.70'),
(754, 30, 224, '2022-08-03', '3.52'),
(755, 11, 48, '2023-08-20', '2.57'),
(756, 36, 382, '2021-06-14', '2.10'),
(757, 29, 516, '2021-06-17', '3.01'),
(758, 4, 138, '2021-09-18', '3.52'),
(759, 13, 470, '2020-02-24', '2.79'),
(760, 17, 520, '2022-03-31', '2.30'),
(761, 40, 474, '2024-01-10', '3.53'),
(762, 48, 759, '2022-11-19', '4.59'),
(763, 22, 972, '2023-06-16', '3.47'),
(764, 50, 288, '2024-01-11', '4.23'),
(765, 16, 787, '2021-11-25', '2.52'),
(766, 38, 824, '2024-12-16', '4.71'),
(767, 10, 834, '2021-01-23', '4.71'),
(768, 37, 484, '2022-07-22', '3.99'),
(769, 45, 993, '2023-11-16', '4.07'),
(770, 15, 433, '2022-06-10', '3.83'),
(771, 46, 533, '2020-12-15', '2.75'),
(772, 34, 508, '2020-04-14', '4.61'),
(773, 13, 45, '2024-02-18', '3.69'),
(774, 30, 490, '2024-12-19', '4.54'),
(775, 48, 950, '2022-06-07', '4.68'),
(776, 48, 774, '2021-01-20', '3.95'),
(777, 11, 112, '2024-12-27', '3.54'),
(778, 3, 819, '2024-08-17', '3.88'),
(779, 24, 69, '2020-05-09', '2.86'),
(780, 26, 695, '2022-07-20', '4.81'),
(781, 24, 915, '2022-09-01', '4.80'),
(782, 11, 814, '2023-01-16', '3.08'),
(783, 40, 472, '2020-10-04', '2.07'),
(784, 5, 65, '2023-03-17', '2.40'),
(785, 39, 959, '2024-04-02', '4.64'),
(786, 31, 830, '2024-07-29', '3.47'),
(787, 46, 249, '2020-11-24', '3.27'),
(788, 48, 577, '2021-11-07', '3.76'),
(789, 15, 92, '2022-11-02', '4.40'),
(790, 31, 430, '2021-11-21', '3.10'),
(791, 28, 76, '2024-02-14', '2.65'),
(792, 28, 337, '2024-12-21', '3.41'),
(793, 44, 883, '2021-02-22', '4.69'),
(794, 13, 246, '2022-06-26', '2.00'),
(795, 21, 709, '2021-06-30', '4.49'),
(796, 19, 217, '2021-11-04', '4.54'),
(797, 44, 120, '2020-10-09', '2.40'),
(798, 37, 252, '2023-11-22', '3.81'),
(799, 34, 56, '2023-08-05', '2.09'),
(800, 21, 10, '2021-12-02', '2.15'),
(801, 7, 167, '2023-05-23', '3.02'),
(802, 10, 313, '2020-03-16', '4.20'),
(803, 43, 329, '2023-03-06', '4.16'),
(804, 12, 416, '2024-11-13', '2.57'),
(805, 5, 174, '2021-08-09', '2.93'),
(806, 30, 975, '2020-12-18', '2.85'),
(807, 21, 181, '2021-06-09', '2.27'),
(808, 21, 24, '2023-06-21', '4.88'),
(809, 44, 799, '2020-11-02', '4.66'),
(810, 35, 32, '2022-05-03', '4.16'),
(811, 27, 440, '2022-11-28', '4.94'),
(812, 12, 175, '2020-08-15', '3.24'),
(813, 39, 381, '2020-01-08', '2.71'),
(814, 36, 169, '2022-10-14', '3.55'),
(815, 7, 413, '2022-04-06', '4.08'),
(816, 45, 680, '2024-05-15', '3.96'),
(817, 42, 120, '2024-03-13', '4.06'),
(818, 5, 623, '2024-12-11', '4.68'),
(819, 49, 287, '2024-08-20', '3.66'),
(820, 9, 603, '2020-06-14', '4.92'),
(821, 50, 638, '2022-06-26', '2.09'),
(822, 33, 371, '2022-01-11', '4.23'),
(823, 37, 336, '2024-09-25', '2.43'),
(824, 19, 638, '2022-02-24', '4.55'),
(825, 6, 232, '2023-12-17', '2.86'),
(826, 41, 197, '2023-06-18', '3.64'),
(827, 13, 791, '2021-10-14', '4.47'),
(828, 7, 549, '2023-02-23', '4.40'),
(829, 20, 19, '2020-04-25', '2.23'),
(830, 24, 925, '2021-12-02', '4.86'),
(831, 24, 936, '2021-11-02', '3.98'),
(832, 40, 163, '2024-09-23', '2.38'),
(833, 7, 385, '2023-11-18', '3.32'),
(834, 50, 521, '2023-06-29', '2.35'),
(835, 40, 473, '2020-11-24', '2.60'),
(836, 50, 45, '2021-02-06', '2.39'),
(837, 20, 240, '2024-10-04', '4.58'),
(838, 20, 902, '2022-02-05', '4.55'),
(839, 39, 328, '2021-12-13', '2.54'),
(840, 10, 878, '2021-01-02', '4.23'),
(841, 3, 915, '2023-05-17', '4.09'),
(842, 41, 601, '2020-10-03', '3.20'),
(843, 16, 508, '2023-01-27', '4.74'),
(844, 29, 9, '2022-02-10', '2.91'),
(845, 36, 320, '2021-04-05', '4.06'),
(846, 29, 855, '2024-05-07', '3.35'),
(847, 48, 95, '2020-01-28', '3.06'),
(848, 34, 990, '2024-12-14', '4.09'),
(849, 17, 728, '2022-09-29', '4.06'),
(850, 16, 122, '2023-03-18', '3.85'),
(851, 42, 450, '2024-02-16', '2.73'),
(852, 17, 741, '2024-01-04', '2.20'),
(853, 4, 643, '2024-01-07', '2.69'),
(854, 27, 226, '2023-07-25', '2.16'),
(855, 10, 640, '2023-12-01', '2.82'),
(856, 3, 678, '2024-08-17', '2.08'),
(857, 19, 892, '2022-01-22', '4.10'),
(858, 24, 663, '2024-01-21', '3.47'),
(859, 26, 391, '2020-10-24', '3.68'),
(860, 43, 3, '2022-02-28', '3.23'),
(861, 21, 988, '2023-08-29', '4.69'),
(862, 5, 923, '2022-05-09', '3.84'),
(863, 48, 275, '2020-12-21', '3.89'),
(864, 35, 82, '2021-07-26', '4.87'),
(865, 31, 99, '2020-09-19', '3.15'),
(866, 42, 863, '2023-02-13', '2.95'),
(867, 9, 52, '2024-06-08', '2.31'),
(868, 21, 540, '2023-08-28', '3.46'),
(869, 34, 118, '2024-04-18', '2.36'),
(870, 29, 46, '2023-07-20', '3.30'),
(871, 9, 119, '2023-02-04', '3.42'),
(872, 32, 397, '2024-09-21', '2.72'),
(873, 19, 435, '2021-04-02', '4.87'),
(874, 45, 479, '2021-05-03', '4.97'),
(875, 47, 121, '2020-04-27', '2.78'),
(876, 12, 230, '2020-03-17', '3.99'),
(877, 9, 723, '2022-03-08', '2.80'),
(878, 17, 827, '2022-09-20', '3.63'),
(879, 33, 398, '2020-12-03', '3.56'),
(880, 36, 980, '2023-11-01', '4.98'),
(881, 28, 277, '2024-10-14', '4.86'),
(882, 34, 296, '2024-07-12', '3.58'),
(883, 29, 762, '2023-08-02', '4.16'),
(884, 34, 862, '2022-12-29', '2.87'),
(885, 49, 744, '2021-06-10', '3.70'),
(886, 21, 295, '2024-12-11', '2.98'),
(887, 31, 188, '2023-01-31', '2.30'),
(888, 21, 263, '2021-03-23', '2.92'),
(889, 43, 156, '2024-06-19', '3.10'),
(890, 38, 132, '2024-05-07', '2.01'),
(891, 38, 930, '2021-11-22', '3.98'),
(892, 17, 388, '2021-07-09', '4.13'),
(893, 48, 849, '2021-05-25', '4.05'),
(894, 48, 246, '2021-10-03', '2.06'),
(895, 7, 411, '2024-02-03', '4.41'),
(896, 38, 678, '2022-12-29', '2.22'),
(897, 44, 199, '2023-07-21', '3.98'),
(898, 37, 61, '2020-08-06', '3.58'),
(899, 25, 791, '2024-06-13', '3.41'),
(900, 3, 323, '2020-03-09', '2.52'),
(901, 50, 185, '2022-12-08', '4.81'),
(902, 45, 709, '2022-10-17', '2.99'),
(903, 43, 410, '2023-01-29', '2.93'),
(904, 43, 691, '2021-03-22', '3.18'),
(905, 18, 852, '2021-12-16', '2.77'),
(906, 29, 173, '2022-07-06', '2.44'),
(907, 14, 349, '2021-12-11', '2.81'),
(908, 32, 91, '2020-06-21', '3.80'),
(909, 6, 374, '2024-03-28', '2.94'),
(910, 48, 80, '2024-10-30', '4.72'),
(911, 32, 392, '2022-09-18', '2.73'),
(912, 14, 60, '2022-05-27', '4.83'),
(913, 47, 876, '2020-09-03', '4.41'),
(914, 40, 987, '2023-07-22', '3.05'),
(915, 11, 34, '2024-06-15', '4.80'),
(916, 34, 54, '2024-09-02', '2.06'),
(917, 43, 797, '2024-08-20', '4.33'),
(918, 27, 698, '2021-08-16', '4.82'),
(919, 27, 838, '2024-12-02', '4.84'),
(920, 47, 755, '2022-10-09', '2.71'),
(921, 39, 208, '2022-11-28', '4.10'),
(922, 47, 863, '2021-12-11', '4.17'),
(923, 3, 971, '2023-05-14', '3.88'),
(924, 17, 824, '2024-12-19', '4.31'),
(925, 9, 236, '2023-12-30', '3.84'),
(926, 2, 457, '2023-03-26', '3.51'),
(927, 48, 351, '2021-01-26', '4.63'),
(928, 22, 995, '2020-03-10', '3.42'),
(929, 43, 95, '2021-02-16', '3.03'),
(930, 40, 633, '2021-12-16', '2.45'),
(931, 32, 416, '2020-10-22', '2.41'),
(932, 35, 449, '2024-08-27', '2.44'),
(933, 13, 777, '2021-09-14', '4.35'),
(934, 39, 513, '2021-10-11', '3.57'),
(935, 41, 339, '2023-01-01', '2.67'),
(936, 28, 768, '2022-09-23', '4.80'),
(937, 39, 89, '2023-12-06', '2.33'),
(938, 25, 640, '2020-04-09', '4.93'),
(939, 35, 377, '2021-07-30', '3.68'),
(940, 28, 425, '2020-12-03', '4.27'),
(941, 3, 234, '2024-11-19', '3.52'),
(942, 23, 999, '2022-05-30', '2.94'),
(943, 37, 246, '2024-03-26', '2.30'),
(944, 39, 803, '2021-11-18', '2.75'),
(945, 29, 397, '2021-08-05', '2.90'),
(946, 43, 633, '2021-03-08', '4.13'),
(947, 8, 796, '2023-09-13', '2.40'),
(948, 5, 237, '2024-05-17', '3.69'),
(949, 31, 20, '2021-10-31', '3.80'),
(950, 6, 186, '2022-02-21', '4.38'),
(951, 40, 151, '2021-08-12', '4.08'),
(952, 22, 411, '2023-06-04', '2.87'),
(953, 27, 187, '2023-06-22', '3.96'),
(954, 28, 733, '2024-01-23', '2.15'),
(955, 20, 419, '2023-09-05', '4.98'),
(956, 42, 847, '2020-06-20', '3.36'),
(957, 35, 292, '2023-07-28', '2.14'),
(958, 43, 641, '2020-03-12', '2.81'),
(959, 9, 405, '2023-08-26', '4.21'),
(960, 13, 873, '2023-09-18', '2.66'),
(961, 44, 337, '2021-02-14', '4.07'),
(962, 14, 494, '2023-11-03', '3.06'),
(963, 10, 799, '2024-11-08', '3.94'),
(964, 46, 522, '2024-10-21', '2.06'),
(965, 49, 237, '2024-12-27', '3.65'),
(966, 23, 823, '2020-03-21', '4.97'),
(967, 11, 148, '2021-02-27', '2.93'),
(968, 37, 702, '2023-12-14', '2.91'),
(969, 49, 660, '2020-01-20', '3.33'),
(970, 37, 972, '2024-02-17', '2.71'),
(971, 46, 681, '2022-05-19', '4.18'),
(972, 31, 838, '2021-07-18', '3.37'),
(973, 14, 404, '2024-08-02', '2.31'),
(974, 18, 827, '2023-09-12', '3.69'),
(975, 37, 341, '2022-04-26', '2.31'),
(976, 8, 197, '2021-08-21', '4.30'),
(977, 25, 219, '2022-06-05', '2.41'),
(978, 21, 855, '2023-08-31', '4.48'),
(979, 41, 883, '2022-03-29', '2.48'),
(980, 32, 850, '2022-10-04', '3.05'),
(981, 35, 82, '2021-02-21', '2.06'),
(982, 48, 491, '2021-10-10', '4.95'),
(983, 20, 568, '2021-03-30', '4.83'),
(984, 42, 949, '2022-12-03', '3.83'),
(985, 3, 971, '2024-07-11', '4.81'),
(986, 47, 568, '2022-02-17', '3.59'),
(987, 41, 591, '2020-01-27', '2.34'),
(988, 30, 673, '2020-09-30', '2.55'),
(989, 35, 725, '2024-07-10', '2.60'),
(990, 21, 120, '2022-12-15', '2.61'),
(991, 48, 62, '2024-06-20', '4.76'),
(992, 44, 457, '2021-11-10', '4.78'),
(993, 47, 830, '2024-09-08', '3.04'),
(994, 50, 612, '2023-06-06', '2.94'),
(995, 16, 177, '2021-08-22', '2.60'),
(996, 5, 889, '2021-02-13', '3.76'),
(997, 27, 766, '2021-04-12', '4.38'),
(998, 30, 119, '2020-06-11', '4.85'),
(999, 29, 332, '2023-01-02', '3.52'),
(1000, 9, 388, '2023-04-21', '3.44');

-- --------------------------------------------------------

--
-- Structure de la table `Sales`
--

CREATE TABLE `Sales` (
  `id` int(11) DEFAULT NULL,
  `customer_id` int(11) DEFAULT NULL,
  `movie_id` int(11) DEFAULT NULL,
  `purchase_date` date DEFAULT NULL,
  `purchase_price` decimal(4,2) DEFAULT NULL
) ENGINE=InnoDB DEFAULT CHARSET=utf8;

--
-- Déchargement des données de la table `Sales`
--

INSERT INTO `Sales` (`id`, `customer_id`, `movie_id`, `purchase_date`, `purchase_price`) VALUES
(1, 18, 438, '2024-06-25', '17.82'),
(2, 37, 252, '2023-11-19', '13.51'),
(3, 11, 544, '2021-06-20', '13.67'),
(4, 14, 599, '2022-04-30', '17.58'),
(5, 42, 457, '2022-05-15', '12.57'),
(6, 13, 206, '2020-03-15', '10.81'),
(7, 32, 346, '2024-11-05', '13.12'),
(8, 19, 109, '2021-12-03', '14.53'),
(9, 29, 730, '2023-12-07', '12.72'),
(10, 2, 475, '2023-08-04', '11.93'),
(11, 32, 920, '2023-09-16', '14.62'),
(12, 29, 758, '2021-02-24', '15.39'),
(13, 22, 464, '2022-11-22', '17.84'),
(14, 17, 174, '2024-01-04', '12.21'),
(15, 5, 513, '2024-08-28', '16.73'),
(16, 43, 62, '2024-05-27', '10.57'),
(17, 36, 216, '2023-04-05', '15.19'),
(18, 19, 795, '2022-05-08', '14.54'),
(19, 10, 926, '2023-11-16', '15.73'),
(20, 41, 953, '2021-09-26', '10.24'),
(21, 23, 293, '2022-07-13', '10.86'),
(22, 13, 298, '2023-11-07', '15.77'),
(23, 31, 651, '2023-11-26', '15.64'),
(24, 30, 256, '2022-12-17', '15.58'),
(25, 28, 664, '2023-11-23', '12.66'),
(26, 25, 681, '2020-08-21', '16.62'),
(27, 9, 467, '2021-06-24', '11.05'),
(28, 27, 374, '2023-05-26', '11.90'),
(29, 17, 52, '2022-06-07', '17.72'),
(30, 4, 324, '2023-05-15', '14.84'),
(31, 50, 446, '2023-03-21', '14.54'),
(32, 29, 678, '2023-08-02', '17.93'),
(33, 12, 915, '2020-10-26', '15.58'),
(34, 20, 522, '2023-03-30', '10.80'),
(35, 24, 686, '2022-11-15', '11.78'),
(36, 34, 823, '2024-04-08', '14.36'),
(37, 30, 387, '2021-09-19', '17.53'),
(38, 16, 203, '2020-08-07', '17.93'),
(39, 29, 345, '2022-07-05', '10.91'),
(40, 2, 96, '2024-01-16', '16.84'),
(41, 37, 196, '2022-03-06', '16.29'),
(42, 12, 450, '2023-01-10', '11.21'),
(43, 23, 283, '2024-11-10', '15.86'),
(44, 47, 389, '2022-10-22', '15.73'),
(45, 20, 402, '2023-09-27', '17.61'),
(46, 16, 827, '2024-10-15', '11.91'),
(47, 14, 876, '2021-03-28', '14.08'),
(48, 7, 154, '2021-12-13', '11.43'),
(49, 46, 606, '2022-01-23', '11.97'),
(50, 36, 411, '2020-04-20', '17.00'),
(51, 13, 498, '2023-01-19', '17.10'),
(52, 23, 252, '2022-08-24', '16.03'),
(53, 9, 120, '2021-07-05', '15.94'),
(54, 48, 430, '2022-10-31', '12.56'),
(55, 40, 198, '2021-08-17', '10.65'),
(56, 12, 1, '2023-06-03', '11.64'),
(57, 29, 210, '2024-03-30', '11.92'),
(58, 49, 267, '2021-09-09', '10.34'),
(59, 17, 208, '2023-07-25', '13.92'),
(60, 21, 680, '2021-11-29', '15.35'),
(61, 22, 211, '2020-09-28', '16.22'),
(62, 23, 201, '2024-02-15', '10.64'),
(63, 19, 202, '2020-03-17', '10.52'),
(64, 24, 285, '2023-09-21', '16.40'),
(65, 20, 332, '2020-07-29', '15.87'),
(66, 34, 162, '2022-09-23', '17.84'),
(67, 17, 214, '2021-02-03', '12.24'),
(68, 17, 769, '2024-12-16', '15.68'),
(69, 29, 2, '2024-09-04', '10.30'),
(70, 43, 862, '2023-07-20', '17.87'),
(71, 8, 609, '2023-01-29', '17.95'),
(72, 12, 95, '2021-09-01', '17.09'),
(73, 15, 501, '2022-10-23', '11.97'),
(74, 29, 411, '2022-10-04', '12.49'),
(75, 37, 194, '2021-02-09', '17.66'),
(76, 40, 23, '2024-03-17', '12.03'),
(77, 14, 567, '2021-05-25', '16.44'),
(78, 38, 378, '2024-02-29', '12.37'),
(79, 34, 412, '2021-04-24', '17.14'),
(80, 6, 799, '2024-10-11', '17.09'),
(81, 50, 841, '2021-07-05', '17.37'),
(82, 32, 480, '2023-12-15', '16.00'),
(83, 50, 949, '2020-10-07', '10.77'),
(84, 40, 431, '2024-12-12', '15.29'),
(85, 27, 659, '2020-11-14', '15.19'),
(86, 35, 975, '2020-06-30', '16.15'),
(87, 45, 307, '2023-03-25', '11.88'),
(88, 29, 376, '2023-01-24', '17.68'),
(89, 1, 903, '2020-03-16', '16.55'),
(90, 9, 361, '2020-11-16', '17.63'),
(91, 40, 723, '2022-05-07', '17.96'),
(92, 37, 513, '2021-11-18', '17.69'),
(93, 34, 123, '2022-03-03', '16.48'),
(94, 12, 536, '2024-11-26', '11.20'),
(95, 40, 580, '2020-07-12', '16.63'),
(96, 20, 151, '2021-06-10', '15.72'),
(97, 18, 215, '2022-02-21', '13.87'),
(98, 29, 246, '2020-01-03', '13.08'),
(99, 38, 313, '2021-11-25', '15.05'),
(100, 16, 5, '2023-12-12', '13.15'),
(101, 13, 486, '2024-07-03', '13.40'),
(102, 28, 156, '2020-06-16', '16.67'),
(103, 33, 574, '2021-10-18', '10.53'),
(104, 7, 887, '2021-10-08', '15.56'),
(105, 42, 697, '2024-04-19', '11.57'),
(106, 11, 787, '2024-01-17', '12.30'),
(107, 24, 348, '2020-04-19', '14.66'),
(108, 7, 80, '2020-06-03', '16.08'),
(109, 5, 152, '2020-09-08', '12.39'),
(110, 33, 336, '2023-08-14', '12.97'),
(111, 8, 79, '2021-11-12', '14.38'),
(112, 27, 99, '2021-05-17', '14.35'),
(113, 4, 999, '2023-11-01', '14.83'),
(114, 36, 169, '2023-10-02', '12.40'),
(115, 33, 772, '2023-07-11', '14.36'),
(116, 11, 682, '2024-06-24', '12.29'),
(117, 28, 56, '2020-12-18', '17.45'),
(118, 20, 116, '2024-08-08', '15.86'),
(119, 27, 974, '2022-02-07', '17.29'),
(120, 16, 960, '2021-07-01', '16.52'),
(121, 19, 208, '2022-03-20', '14.12'),
(122, 30, 348, '2021-06-15', '15.88'),
(123, 12, 28, '2020-01-28', '10.43'),
(124, 15, 157, '2022-11-14', '14.93'),
(125, 13, 71, '2022-04-10', '14.96'),
(126, 34, 804, '2020-12-07', '15.32'),
(127, 17, 279, '2020-06-11', '17.50'),
(128, 48, 966, '2024-03-31', '15.41'),
(129, 11, 713, '2022-03-04', '14.70'),
(130, 10, 895, '2024-07-17', '17.14'),
(131, 3, 118, '2020-05-30', '17.15'),
(132, 45, 492, '2022-03-16', '13.43'),
(133, 50, 469, '2020-01-21', '17.32'),
(134, 49, 639, '2020-05-03', '16.10'),
(135, 35, 641, '2022-01-26', '10.87'),
(136, 14, 997, '2020-09-12', '12.36'),
(137, 2, 950, '2024-09-07', '14.30'),
(138, 28, 977, '2024-08-23', '15.31'),
(139, 38, 467, '2021-09-15', '10.56'),
(140, 12, 262, '2020-10-07', '17.70'),
(141, 8, 866, '2020-01-18', '14.01'),
(142, 12, 31, '2023-05-21', '10.84'),
(143, 41, 86, '2022-11-24', '12.95'),
(144, 39, 576, '2024-11-29', '11.76'),
(145, 33, 942, '2021-05-11', '14.18'),
(146, 13, 708, '2023-07-07', '10.87'),
(147, 16, 516, '2021-09-28', '15.41'),
(148, 30, 661, '2022-09-01', '16.91'),
(149, 49, 651, '2023-06-25', '13.94'),
(150, 42, 432, '2020-04-04', '13.46'),
(151, 28, 404, '2024-01-21', '14.91'),
(152, 23, 511, '2021-10-16', '13.05'),
(153, 14, 607, '2022-11-16', '10.04'),
(154, 28, 247, '2021-03-14', '13.41'),
(155, 14, 615, '2023-10-15', '16.76'),
(156, 44, 339, '2022-11-14', '16.72'),
(157, 25, 993, '2021-12-04', '14.33'),
(158, 14, 51, '2023-06-17', '10.39'),
(159, 49, 882, '2021-09-02', '10.31'),
(160, 10, 393, '2023-05-11', '17.41'),
(161, 25, 957, '2024-08-21', '16.09'),
(162, 47, 824, '2020-05-30', '10.96'),
(163, 21, 678, '2020-08-10', '10.40'),
(164, 26, 925, '2024-04-11', '15.34'),
(165, 29, 397, '2021-02-23', '11.69'),
(166, 18, 437, '2024-10-09', '10.05'),
(167, 39, 583, '2022-08-29', '13.49'),
(168, 18, 631, '2023-04-11', '13.55'),
(169, 1, 850, '2020-01-07', '16.46'),
(170, 49, 824, '2022-02-08', '13.26'),
(171, 45, 138, '2022-07-14', '17.38'),
(172, 40, 34, '2020-10-04', '10.02'),
(173, 42, 612, '2020-04-23', '15.71'),
(174, 43, 59, '2021-10-25', '10.34'),
(175, 5, 291, '2021-08-16', '10.18'),
(176, 31, 221, '2020-11-06', '12.19'),
(177, 18, 610, '2024-08-11', '16.40'),
(178, 9, 143, '2021-01-22', '14.97'),
(179, 36, 229, '2024-12-30', '16.46'),
(180, 48, 865, '2022-01-09', '13.09'),
(181, 4, 942, '2022-05-28', '12.23'),
(182, 22, 323, '2024-08-21', '14.99'),
(183, 3, 352, '2023-12-20', '11.83'),
(184, 38, 43, '2023-03-27', '12.98'),
(185, 24, 509, '2023-09-27', '11.46'),
(186, 8, 150, '2020-06-27', '15.80'),
(187, 36, 494, '2020-10-05', '14.99'),
(188, 12, 520, '2024-03-30', '13.85'),
(189, 46, 604, '2021-12-03', '12.60'),
(190, 18, 977, '2023-07-12', '14.64'),
(191, 30, 780, '2020-02-07', '11.32'),
(192, 32, 760, '2022-11-08', '12.69'),
(193, 36, 137, '2020-01-09', '11.68'),
(194, 35, 598, '2020-01-03', '14.17'),
(195, 25, 678, '2021-01-08', '17.83'),
(196, 9, 931, '2022-10-14', '16.40'),
(197, 8, 131, '2020-03-26', '14.71'),
(198, 27, 692, '2020-05-11', '12.33'),
(199, 49, 177, '2022-01-14', '16.69'),
(200, 46, 883, '2021-10-17', '13.58'),
(201, 22, 378, '2020-12-18', '10.32'),
(202, 38, 117, '2020-06-17', '14.34'),
(203, 35, 944, '2020-08-28', '10.32'),
(204, 1, 694, '2023-05-06', '15.10'),
(205, 23, 215, '2021-07-08', '16.36'),
(206, 23, 605, '2022-07-06', '15.20'),
(207, 26, 608, '2021-06-27', '15.22'),
(208, 11, 688, '2022-10-20', '11.98'),
(209, 44, 833, '2020-08-19', '13.53'),
(210, 15, 873, '2023-03-20', '16.73'),
(211, 35, 989, '2020-09-06', '14.72'),
(212, 27, 509, '2023-06-19', '12.91'),
(213, 36, 732, '2020-06-15', '16.82'),
(214, 27, 907, '2020-04-26', '15.82'),
(215, 23, 272, '2020-12-22', '17.48'),
(216, 25, 820, '2020-03-04', '15.83'),
(217, 30, 446, '2020-12-06', '17.33'),
(218, 46, 741, '2022-06-02', '12.05'),
(219, 35, 729, '2020-06-03', '14.36'),
(220, 14, 743, '2023-09-11', '14.42'),
(221, 9, 580, '2020-06-28', '17.07'),
(222, 15, 554, '2021-06-06', '13.50'),
(223, 28, 372, '2020-10-15', '14.70'),
(224, 7, 833, '2021-03-23', '12.27'),
(225, 33, 681, '2024-05-21', '14.32'),
(226, 44, 313, '2022-03-13', '16.85'),
(227, 45, 801, '2020-12-19', '10.13'),
(228, 20, 391, '2023-05-08', '17.28'),
(229, 1, 235, '2024-09-11', '15.81'),
(230, 23, 577, '2021-07-29', '16.30'),
(231, 40, 671, '2020-08-13', '16.40'),
(232, 13, 436, '2021-08-12', '14.14'),
(233, 9, 636, '2021-06-06', '16.58'),
(234, 20, 484, '2023-12-14', '16.26'),
(235, 31, 759, '2023-10-27', '10.13'),
(236, 29, 831, '2021-04-14', '17.30'),
(237, 5, 81, '2023-04-02', '13.59'),
(238, 16, 598, '2021-07-03', '17.90'),
(239, 44, 773, '2020-12-12', '13.83'),
(240, 6, 468, '2021-12-05', '12.77'),
(241, 19, 366, '2022-10-10', '14.83'),
(242, 47, 440, '2022-11-10', '10.88'),
(243, 4, 567, '2020-11-10', '17.73'),
(244, 27, 882, '2020-09-24', '12.90'),
(245, 17, 564, '2023-07-03', '10.98'),
(246, 20, 105, '2022-09-08', '16.49'),
(247, 24, 920, '2020-05-06', '15.07'),
(248, 10, 618, '2021-07-12', '14.97'),
(249, 14, 742, '2023-01-02', '17.19'),
(250, 43, 552, '2021-09-21', '15.98'),
(251, 29, 561, '2023-09-14', '12.46'),
(252, 28, 208, '2022-05-23', '11.71'),
(253, 19, 72, '2021-09-26', '11.39'),
(254, 13, 36, '2023-09-27', '15.36'),
(255, 3, 582, '2020-06-11', '13.67'),
(256, 39, 135, '2023-03-12', '14.56'),
(257, 40, 439, '2022-09-23', '16.63'),
(258, 50, 613, '2024-04-17', '12.72'),
(259, 50, 308, '2022-06-05', '16.04'),
(260, 47, 505, '2020-06-05', '14.48'),
(261, 34, 46, '2020-02-13', '15.22'),
(262, 47, 334, '2024-08-02', '14.80'),
(263, 6, 200, '2022-02-13', '17.39'),
(264, 50, 280, '2022-08-15', '11.72'),
(265, 15, 872, '2023-10-06', '12.12'),
(266, 47, 351, '2022-02-08', '15.02'),
(267, 43, 765, '2023-12-01', '13.83'),
(268, 5, 43, '2022-01-19', '14.04'),
(269, 48, 704, '2021-10-11', '15.99'),
(270, 50, 454, '2023-08-14', '12.03'),
(271, 40, 407, '2022-07-27', '10.02'),
(272, 19, 338, '2022-08-07', '15.01'),
(273, 19, 904, '2020-08-26', '17.39'),
(274, 10, 555, '2023-03-01', '10.77'),
(275, 21, 480, '2023-10-11', '13.29'),
(276, 11, 44, '2024-01-17', '11.89'),
(277, 8, 484, '2021-02-12', '12.32'),
(278, 43, 130, '2022-11-05', '11.25'),
(279, 23, 951, '2022-05-23', '13.19'),
(280, 16, 504, '2024-03-22', '14.69'),
(281, 27, 394, '2023-01-30', '16.78'),
(282, 22, 295, '2023-01-17', '10.91'),
(283, 33, 701, '2022-05-19', '10.32'),
(284, 5, 250, '2020-02-07', '12.97'),
(285, 31, 640, '2023-01-26', '17.66'),
(286, 47, 306, '2020-10-02', '16.25'),
(287, 42, 669, '2021-09-25', '16.32'),
(288, 4, 136, '2020-10-02', '12.72'),
(289, 25, 159, '2024-04-05', '11.39'),
(290, 42, 58, '2022-03-23', '16.87'),
(291, 44, 835, '2024-12-25', '16.79'),
(292, 12, 588, '2024-07-18', '10.50'),
(293, 6, 469, '2020-02-03', '17.26'),
(294, 31, 964, '2021-05-21', '17.52'),
(295, 31, 806, '2024-01-09', '10.09'),
(296, 9, 67, '2020-03-02', '13.77'),
(297, 44, 898, '2023-07-19', '10.72'),
(298, 19, 568, '2021-05-25', '10.00'),
(299, 47, 534, '2022-06-12', '15.33'),
(300, 50, 83, '2021-07-19', '15.34'),
(301, 6, 749, '2023-04-13', '15.74'),
(302, 32, 723, '2021-11-17', '12.18'),
(303, 49, 718, '2020-09-30', '14.94'),
(304, 27, 209, '2021-02-08', '11.28'),
(305, 42, 96, '2020-02-01', '13.60'),
(306, 29, 798, '2023-01-14', '14.97'),
(307, 33, 72, '2023-05-15', '10.28'),
(308, 37, 531, '2021-06-02', '14.50'),
(309, 46, 234, '2022-07-11', '16.96'),
(310, 4, 583, '2022-06-10', '16.90'),
(311, 43, 644, '2020-08-23', '12.80'),
(312, 29, 613, '2023-10-12', '12.32'),
(313, 39, 89, '2020-08-11', '14.64'),
(314, 10, 133, '2024-09-05', '10.28'),
(315, 23, 523, '2023-10-24', '10.13'),
(316, 46, 250, '2020-01-13', '11.49'),
(317, 29, 836, '2021-12-25', '13.77'),
(318, 49, 612, '2020-04-06', '10.22'),
(319, 47, 849, '2022-08-06', '16.49'),
(320, 21, 327, '2022-05-23', '11.51'),
(321, 11, 671, '2020-01-04', '10.09'),
(322, 44, 478, '2020-02-26', '11.61'),
(323, 37, 439, '2023-05-06', '15.95'),
(324, 49, 603, '2023-01-08', '15.75'),
(325, 7, 595, '2023-07-31', '10.42'),
(326, 1, 146, '2024-02-29', '11.74'),
(327, 30, 200, '2024-01-04', '10.75'),
(328, 6, 665, '2023-09-04', '13.76'),
(329, 2, 296, '2020-07-06', '13.52'),
(330, 12, 73, '2023-11-01', '11.35'),
(331, 28, 763, '2022-08-14', '11.50'),
(332, 41, 723, '2022-10-31', '13.63'),
(333, 37, 37, '2022-01-26', '14.73'),
(334, 8, 776, '2023-09-25', '11.63'),
(335, 45, 289, '2020-05-10', '12.17'),
(336, 48, 343, '2022-10-06', '15.36'),
(337, 27, 11, '2021-05-07', '13.64'),
(338, 46, 455, '2020-10-10', '11.01'),
(339, 33, 870, '2023-11-19', '12.20'),
(340, 4, 943, '2020-02-12', '15.87'),
(341, 30, 252, '2020-06-26', '13.08'),
(342, 11, 687, '2020-11-28', '17.11'),
(343, 29, 706, '2023-05-29', '17.04'),
(344, 38, 404, '2023-01-22', '13.15'),
(345, 27, 859, '2024-12-26', '13.66'),
(346, 6, 608, '2021-09-06', '16.57'),
(347, 37, 103, '2022-04-03', '12.80'),
(348, 41, 903, '2023-06-13', '16.65'),
(349, 37, 433, '2021-05-26', '16.15'),
(350, 50, 260, '2023-07-17', '12.73'),
(351, 1, 16, '2024-05-13', '17.83'),
(352, 23, 295, '2024-11-29', '12.12'),
(353, 10, 430, '2020-12-10', '13.16'),
(354, 15, 831, '2021-12-17', '11.88'),
(355, 1, 201, '2021-10-31', '12.74'),
(356, 10, 783, '2023-01-10', '15.42'),
(357, 29, 104, '2022-04-28', '10.35'),
(358, 20, 678, '2022-05-26', '13.88'),
(359, 22, 704, '2023-05-07', '17.01'),
(360, 40, 961, '2023-11-18', '10.87'),
(361, 47, 698, '2023-12-05', '14.54'),
(362, 21, 421, '2021-05-17', '13.90'),
(363, 42, 150, '2021-09-20', '13.46'),
(364, 16, 739, '2024-03-18', '16.80'),
(365, 16, 507, '2021-08-24', '10.55'),
(366, 13, 151, '2020-09-27', '17.42'),
(367, 9, 441, '2024-12-06', '14.21'),
(368, 18, 689, '2023-07-21', '13.87'),
(369, 21, 836, '2023-08-25', '13.03'),
(370, 6, 560, '2022-08-07', '12.57'),
(371, 38, 67, '2022-06-26', '12.15'),
(372, 34, 795, '2024-01-27', '11.52'),
(373, 10, 271, '2020-07-14', '11.39'),
(374, 11, 806, '2023-06-24', '12.82'),
(375, 48, 747, '2024-12-10', '14.79'),
(376, 30, 946, '2020-12-05', '17.25'),
(377, 6, 222, '2022-04-11', '11.77'),
(378, 46, 281, '2021-11-06', '15.84'),
(379, 31, 563, '2020-12-16', '11.35'),
(380, 46, 345, '2022-02-01', '14.65'),
(381, 4, 647, '2022-01-29', '13.30'),
(382, 1, 297, '2022-06-10', '16.13'),
(383, 46, 50, '2020-02-04', '16.53'),
(384, 46, 222, '2020-05-02', '12.76'),
(385, 38, 260, '2020-02-13', '17.53'),
(386, 16, 213, '2023-12-23', '16.53'),
(387, 16, 944, '2024-10-10', '13.91'),
(388, 4, 111, '2021-09-16', '10.44'),
(389, 22, 21, '2020-04-23', '14.64'),
(390, 17, 535, '2021-07-03', '11.17'),
(391, 47, 268, '2023-01-13', '11.74'),
(392, 37, 724, '2022-06-08', '12.15'),
(393, 48, 464, '2020-11-07', '10.85'),
(394, 11, 849, '2023-09-11', '13.40'),
(395, 46, 547, '2023-08-30', '15.86'),
(396, 13, 583, '2024-01-04', '10.41'),
(397, 15, 600, '2020-07-08', '10.41'),
(398, 10, 305, '2024-04-20', '14.71'),
(399, 16, 823, '2020-12-24', '12.28'),
(400, 34, 182, '2022-07-10', '11.95'),
(401, 18, 461, '2022-06-07', '12.11'),
(402, 20, 337, '2021-12-14', '10.33'),
(403, 16, 595, '2022-11-13', '15.66'),
(404, 28, 694, '2020-12-17', '11.41'),
(405, 24, 164, '2023-02-18', '13.39'),
(406, 23, 786, '2020-10-27', '13.00'),
(407, 36, 222, '2024-07-19', '12.75'),
(408, 20, 179, '2022-01-20', '12.60'),
(409, 15, 317, '2024-03-25', '12.45'),
(410, 34, 304, '2024-07-02', '13.19'),
(411, 26, 774, '2021-10-05', '13.90'),
(412, 42, 974, '2023-07-13', '10.54'),
(413, 30, 536, '2023-11-14', '16.04'),
(414, 49, 950, '2024-10-20', '10.11'),
(415, 7, 944, '2024-03-24', '12.61'),
(416, 10, 593, '2020-09-04', '16.99'),
(417, 19, 517, '2021-06-15', '16.53'),
(418, 35, 358, '2023-08-31', '12.41'),
(419, 12, 996, '2020-08-23', '13.83'),
(420, 9, 103, '2020-02-05', '17.64'),
(421, 43, 789, '2024-03-20', '10.61'),
(422, 43, 506, '2020-05-29', '10.81'),
(423, 25, 617, '2023-02-23', '15.88'),
(424, 25, 498, '2020-12-29', '15.63'),
(425, 12, 141, '2020-06-07', '17.13'),
(426, 46, 344, '2024-10-15', '17.34'),
(427, 5, 458, '2022-12-26', '14.12'),
(428, 31, 26, '2020-02-28', '14.82'),
(429, 26, 779, '2022-08-04', '14.98'),
(430, 35, 387, '2022-09-23', '16.43'),
(431, 7, 536, '2021-05-08', '17.59'),
(432, 18, 201, '2022-07-19', '12.78'),
(433, 9, 263, '2020-08-02', '14.35'),
(434, 8, 983, '2022-10-31', '17.42'),
(435, 36, 775, '2024-12-24', '14.67'),
(436, 27, 868, '2022-06-16', '12.80'),
(437, 48, 346, '2021-10-09', '14.38'),
(438, 7, 543, '2023-11-11', '11.72'),
(439, 35, 888, '2024-10-03', '16.16'),
(440, 34, 839, '2024-10-25', '12.00'),
(441, 23, 234, '2021-09-19', '12.89'),
(442, 34, 820, '2023-03-26', '17.10'),
(443, 46, 445, '2024-12-01', '12.90'),
(444, 38, 870, '2020-06-11', '16.52'),
(445, 32, 860, '2021-05-14', '15.61'),
(446, 27, 572, '2023-10-25', '17.96'),
(447, 20, 921, '2024-03-31', '15.57'),
(448, 2, 556, '2024-07-10', '14.91'),
(449, 50, 291, '2021-05-01', '11.60'),
(450, 46, 526, '2023-06-17', '14.07'),
(451, 11, 475, '2024-04-24', '10.71'),
(452, 16, 559, '2023-08-02', '16.58'),
(453, 17, 905, '2022-05-30', '16.37'),
(454, 27, 41, '2021-08-31', '14.73'),
(455, 40, 644, '2024-12-27', '10.23'),
(456, 33, 361, '2022-05-02', '10.35'),
(457, 20, 249, '2020-12-20', '15.70'),
(458, 7, 12, '2022-01-07', '10.23'),
(459, 23, 847, '2022-11-27', '10.21'),
(460, 28, 929, '2024-12-10', '10.14'),
(461, 36, 281, '2022-11-11', '13.60'),
(462, 1, 918, '2022-02-21', '12.97'),
(463, 9, 464, '2023-05-15', '13.08'),
(464, 10, 375, '2022-05-01', '12.25'),
(465, 24, 145, '2023-04-06', '14.04'),
(466, 12, 222, '2021-06-24', '16.24'),
(467, 19, 977, '2023-11-09', '15.68'),
(468, 32, 255, '2024-05-29', '12.81'),
(469, 15, 273, '2020-12-26', '17.35'),
(470, 39, 631, '2024-10-02', '13.13'),
(471, 6, 355, '2021-05-13', '12.40'),
(472, 46, 871, '2020-06-20', '11.10'),
(473, 28, 136, '2022-09-24', '16.72'),
(474, 17, 826, '2020-05-21', '12.76'),
(475, 39, 283, '2023-08-16', '17.40'),
(476, 2, 726, '2023-08-16', '14.98'),
(477, 7, 83, '2020-11-05', '14.63'),
(478, 34, 235, '2020-05-12', '15.22'),
(479, 31, 444, '2021-04-13', '15.75'),
(480, 15, 986, '2020-11-22', '12.82'),
(481, 49, 631, '2024-07-23', '13.93'),
(482, 27, 198, '2021-08-29', '16.43'),
(483, 47, 598, '2023-06-14', '17.59'),
(484, 12, 852, '2021-02-27', '10.65'),
(485, 46, 376, '2021-07-13', '17.28'),
(486, 49, 756, '2024-12-28', '15.68'),
(487, 29, 572, '2021-04-13', '13.98'),
(488, 25, 664, '2022-01-06', '15.61'),
(489, 46, 580, '2024-12-11', '13.66'),
(490, 47, 362, '2023-03-31', '17.94'),
(491, 47, 986, '2023-04-20', '10.45'),
(492, 24, 192, '2021-11-11', '14.77'),
(493, 50, 661, '2020-01-23', '10.26'),
(494, 46, 480, '2024-02-20', '12.08'),
(495, 2, 871, '2024-07-19', '12.89'),
(496, 32, 887, '2024-04-17', '11.70'),
(497, 14, 227, '2024-06-11', '12.41'),
(498, 4, 145, '2020-04-01', '12.04'),
(499, 4, 258, '2022-12-07', '11.62'),
(500, 39, 495, '2020-09-18', '17.89'),
(501, 7, 881, '2022-08-05', '14.65'),
(502, 12, 447, '2024-02-18', '15.52'),
(503, 30, 92, '2024-07-06', '15.34'),
(504, 5, 442, '2024-10-28', '11.81'),
(505, 47, 389, '2022-12-05', '15.19'),
(506, 1, 106, '2023-02-25', '15.03'),
(507, 28, 583, '2023-04-09', '10.98'),
(508, 27, 664, '2023-09-01', '13.97'),
(509, 49, 132, '2022-04-30', '15.50'),
(510, 2, 186, '2022-11-26', '16.87'),
(511, 13, 4, '2021-04-21', '15.93'),
(512, 49, 287, '2022-02-14', '17.93'),
(513, 3, 527, '2024-05-26', '13.43'),
(514, 9, 195, '2024-01-23', '11.24'),
(515, 11, 601, '2022-08-17', '11.21'),
(516, 25, 155, '2024-05-02', '14.40'),
(517, 34, 909, '2023-01-04', '16.94'),
(518, 26, 659, '2021-09-06', '13.71'),
(519, 17, 793, '2020-10-15', '14.74'),
(520, 45, 677, '2020-07-31', '13.68'),
(521, 12, 763, '2024-11-29', '15.86'),
(522, 35, 77, '2021-07-11', '17.19'),
(523, 1, 772, '2021-11-15', '10.03'),
(524, 8, 790, '2020-04-10', '13.67'),
(525, 9, 310, '2022-05-24', '17.08'),
(526, 28, 349, '2024-03-26', '10.45'),
(527, 1, 6, '2023-03-29', '14.40'),
(528, 39, 419, '2021-08-04', '11.36'),
(529, 37, 374, '2020-01-10', '16.71'),
(530, 24, 31, '2024-12-01', '10.34'),
(531, 17, 761, '2023-07-24', '12.29'),
(532, 50, 693, '2024-11-01', '17.08'),
(533, 4, 355, '2020-11-27', '16.58'),
(534, 20, 95, '2022-05-28', '15.05'),
(535, 42, 357, '2020-04-19', '16.28'),
(536, 7, 863, '2020-11-16', '17.64'),
(537, 28, 496, '2020-08-10', '13.54'),
(538, 32, 869, '2024-04-23', '17.07'),
(539, 44, 845, '2023-08-30', '12.99'),
(540, 39, 455, '2023-05-13', '10.56'),
(541, 8, 536, '2022-04-13', '17.42'),
(542, 6, 377, '2022-09-21', '10.30'),
(543, 1, 412, '2024-03-11', '14.64'),
(544, 34, 568, '2024-07-02', '16.84'),
(545, 6, 286, '2023-11-20', '10.14'),
(546, 13, 149, '2021-12-30', '14.89'),
(547, 4, 189, '2024-03-29', '12.58'),
(548, 43, 804, '2020-11-08', '16.72'),
(549, 43, 453, '2023-11-07', '11.94'),
(550, 12, 965, '2021-11-22', '14.43'),
(551, 16, 244, '2023-08-20', '11.83'),
(552, 50, 289, '2021-07-08', '10.58'),
(553, 3, 242, '2024-01-08', '15.57'),
(554, 20, 271, '2023-11-26', '15.16'),
(555, 37, 264, '2020-12-31', '10.02'),
(556, 12, 509, '2023-11-10', '10.40'),
(557, 6, 688, '2024-04-28', '16.89'),
(558, 30, 281, '2023-05-14', '17.23'),
(559, 40, 6, '2024-09-23', '14.46'),
(560, 47, 138, '2024-10-15', '13.49'),
(561, 23, 759, '2020-11-17', '10.24'),
(562, 12, 793, '2020-08-18', '17.11'),
(563, 37, 356, '2020-02-26', '11.83'),
(564, 40, 431, '2023-07-24', '11.62'),
(565, 26, 31, '2022-03-12', '14.39'),
(566, 44, 72, '2022-03-15', '13.99'),
(567, 36, 649, '2020-05-08', '10.44'),
(568, 30, 955, '2022-07-09', '13.50'),
(569, 39, 921, '2022-05-22', '15.40'),
(570, 40, 588, '2022-09-17', '15.70'),
(571, 17, 335, '2020-08-24', '12.64'),
(572, 11, 957, '2020-02-01', '10.88'),
(573, 36, 646, '2023-03-16', '17.33'),
(574, 15, 882, '2020-02-01', '15.30'),
(575, 41, 449, '2023-08-20', '13.25'),
(576, 48, 611, '2023-04-03', '14.03'),
(577, 31, 460, '2021-02-22', '11.02'),
(578, 50, 584, '2021-07-14', '16.31'),
(579, 28, 344, '2021-10-24', '12.78'),
(580, 29, 429, '2024-07-13', '14.34'),
(581, 11, 58, '2023-01-25', '14.94'),
(582, 48, 481, '2022-03-13', '10.04'),
(583, 10, 301, '2024-02-03', '11.15'),
(584, 49, 850, '2023-04-08', '12.51'),
(585, 12, 766, '2021-08-07', '11.00'),
(586, 33, 861, '2022-02-26', '15.10'),
(587, 14, 703, '2023-12-19', '13.22'),
(588, 38, 603, '2024-03-12', '12.82'),
(589, 19, 238, '2024-04-11', '10.62'),
(590, 10, 974, '2023-03-12', '13.34'),
(591, 19, 422, '2021-12-13', '13.30'),
(592, 26, 34, '2022-11-10', '10.36'),
(593, 11, 575, '2021-01-31', '17.50'),
(594, 49, 337, '2020-07-16', '15.75'),
(595, 46, 582, '2022-12-13', '10.04'),
(596, 18, 94, '2020-02-25', '10.42'),
(597, 31, 791, '2022-07-28', '14.70'),
(598, 29, 790, '2023-04-06', '14.39'),
(599, 1, 516, '2024-05-02', '15.13'),
(600, 35, 572, '2023-08-06', '13.23'),
(601, 36, 202, '2023-04-25', '16.71'),
(602, 28, 360, '2020-09-14', '12.23'),
(603, 28, 729, '2024-05-12', '14.44'),
(604, 40, 153, '2020-04-21', '15.20'),
(605, 49, 712, '2024-02-17', '16.88'),
(606, 30, 163, '2020-10-16', '10.94'),
(607, 13, 446, '2024-01-20', '17.47'),
(608, 27, 759, '2023-05-08', '13.41'),
(609, 11, 943, '2022-03-31', '13.27'),
(610, 21, 813, '2023-11-10', '13.37'),
(611, 20, 968, '2022-05-24', '17.99'),
(612, 6, 831, '2023-04-30', '17.71'),
(613, 21, 692, '2022-02-08', '16.00'),
(614, 21, 991, '2022-09-29', '15.76'),
(615, 1, 501, '2020-08-17', '14.30'),
(616, 18, 237, '2022-09-15', '14.63'),
(617, 40, 224, '2020-08-21', '15.21'),
(618, 6, 284, '2021-08-08', '17.58'),
(619, 5, 201, '2023-10-25', '10.09'),
(620, 44, 479, '2022-01-24', '15.74'),
(621, 9, 436, '2021-04-01', '11.75'),
(622, 10, 809, '2021-04-01', '17.91'),
(623, 31, 254, '2024-06-16', '16.83'),
(624, 47, 827, '2022-07-04', '15.98'),
(625, 48, 544, '2021-03-26', '10.41'),
(626, 8, 787, '2024-08-28', '16.28'),
(627, 44, 393, '2023-09-22', '17.46'),
(628, 16, 527, '2020-06-30', '14.91'),
(629, 31, 40, '2020-03-14', '14.49'),
(630, 12, 574, '2022-10-11', '11.86'),
(631, 30, 142, '2023-11-15', '17.14'),
(632, 45, 235, '2021-12-28', '16.04'),
(633, 9, 110, '2022-10-24', '12.62'),
(634, 3, 980, '2021-07-28', '13.23'),
(635, 11, 121, '2023-06-23', '10.13'),
(636, 14, 396, '2022-09-18', '11.02'),
(637, 39, 359, '2024-06-20', '11.51'),
(638, 5, 990, '2023-06-20', '12.41'),
(639, 43, 708, '2020-01-13', '16.18'),
(640, 43, 570, '2021-11-28', '13.38'),
(641, 38, 700, '2020-06-25', '16.22'),
(642, 44, 188, '2024-04-29', '15.38'),
(643, 1, 679, '2023-02-27', '15.44'),
(644, 31, 66, '2020-10-09', '11.25'),
(645, 16, 651, '2020-11-18', '17.69'),
(646, 31, 23, '2021-07-31', '17.30'),
(647, 18, 24, '2024-12-13', '17.98'),
(648, 17, 507, '2023-07-13', '16.67'),
(649, 44, 561, '2024-06-26', '10.91'),
(650, 45, 931, '2022-10-20', '10.61'),
(651, 43, 370, '2024-12-17', '15.01'),
(652, 8, 845, '2020-11-25', '10.19'),
(653, 11, 769, '2020-02-02', '15.30'),
(654, 37, 339, '2024-07-22', '12.47'),
(655, 4, 94, '2021-01-14', '17.10'),
(656, 46, 238, '2024-10-09', '13.03'),
(657, 38, 754, '2020-05-25', '16.16'),
(658, 42, 63, '2021-01-05', '16.44'),
(659, 23, 737, '2023-11-30', '11.33'),
(660, 11, 352, '2024-01-18', '10.92'),
(661, 40, 763, '2022-09-29', '11.73'),
(662, 22, 503, '2022-08-26', '14.20'),
(663, 7, 820, '2024-11-27', '14.80'),
(664, 2, 731, '2021-07-08', '10.91'),
(665, 33, 832, '2023-09-12', '10.82'),
(666, 39, 606, '2021-07-21', '14.58'),
(667, 45, 937, '2020-08-05', '14.33'),
(668, 43, 724, '2022-08-11', '13.63'),
(669, 31, 792, '2020-07-13', '15.04'),
(670, 24, 759, '2023-11-24', '16.34'),
(671, 36, 459, '2021-10-31', '15.97'),
(672, 49, 448, '2023-04-12', '14.33'),
(673, 31, 152, '2020-04-22', '12.46'),
(674, 6, 573, '2023-06-29', '13.73'),
(675, 48, 894, '2023-03-27', '16.76'),
(676, 42, 255, '2020-05-08', '12.29'),
(677, 13, 291, '2024-06-05', '15.23'),
(678, 17, 474, '2023-06-30', '14.88'),
(679, 25, 87, '2024-12-01', '15.52'),
(680, 46, 475, '2022-01-27', '13.45'),
(681, 17, 373, '2021-12-24', '12.27'),
(682, 32, 302, '2023-05-18', '17.12'),
(683, 40, 670, '2022-04-03', '11.34'),
(684, 33, 195, '2023-07-11', '16.89'),
(685, 41, 392, '2021-07-02', '17.10'),
(686, 11, 502, '2023-06-10', '15.16'),
(687, 40, 117, '2022-01-15', '16.91'),
(688, 28, 628, '2023-11-27', '10.60'),
(689, 39, 27, '2020-04-07', '11.68'),
(690, 46, 18, '2022-01-30', '10.08'),
(691, 43, 525, '2022-05-11', '12.29'),
(692, 25, 131, '2020-07-13', '11.17'),
(693, 35, 104, '2020-07-24', '12.37'),
(694, 49, 68, '2023-04-17', '14.27'),
(695, 21, 171, '2021-12-22', '12.81'),
(696, 48, 460, '2022-11-10', '17.24'),
(697, 6, 893, '2021-10-13', '10.46'),
(698, 15, 628, '2023-05-31', '16.10'),
(699, 31, 921, '2022-07-15', '13.38'),
(700, 14, 952, '2024-07-08', '12.79'),
(701, 19, 353, '2024-07-06', '12.53'),
(702, 14, 318, '2021-12-30', '11.30'),
(703, 14, 161, '2022-12-23', '11.11'),
(704, 45, 65, '2022-03-22', '17.69'),
(705, 44, 463, '2020-07-21', '12.31'),
(706, 14, 89, '2022-03-18', '10.16'),
(707, 44, 781, '2024-09-03', '16.63'),
(708, 28, 337, '2023-05-10', '13.58'),
(709, 36, 784, '2020-07-17', '16.27'),
(710, 9, 494, '2023-11-02', '16.92'),
(711, 19, 263, '2021-07-15', '17.71'),
(712, 6, 135, '2022-09-21', '15.49'),
(713, 40, 567, '2020-11-08', '14.77'),
(714, 33, 588, '2020-02-11', '10.56'),
(715, 15, 113, '2020-08-26', '11.08'),
(716, 36, 129, '2023-08-20', '10.45'),
(717, 31, 846, '2020-01-12', '17.06'),
(718, 34, 696, '2021-02-16', '11.60'),
(719, 29, 826, '2021-12-29', '11.10'),
(720, 10, 933, '2022-06-09', '15.41'),
(721, 9, 563, '2021-06-09', '16.40'),
(722, 5, 807, '2024-11-06', '11.10'),
(723, 17, 82, '2020-06-25', '15.26'),
(724, 38, 852, '2021-07-04', '15.99'),
(725, 48, 671, '2022-05-06', '16.43'),
(726, 32, 500, '2022-03-08', '15.91'),
(727, 45, 598, '2024-09-11', '17.53'),
(728, 15, 296, '2020-02-21', '16.07'),
(729, 14, 569, '2022-07-18', '16.11'),
(730, 2, 394, '2023-05-16', '17.22'),
(731, 2, 949, '2024-07-07', '17.31'),
(732, 43, 548, '2020-11-11', '13.22'),
(733, 16, 556, '2020-12-07', '10.62'),
(734, 28, 114, '2020-04-11', '17.64'),
(735, 34, 37, '2021-11-05', '10.08'),
(736, 13, 623, '2020-06-19', '11.17'),
(737, 46, 318, '2020-04-15', '17.10'),
(738, 3, 832, '2022-03-17', '16.85'),
(739, 4, 406, '2024-12-23', '15.53'),
(740, 23, 449, '2022-03-24', '15.32'),
(741, 40, 807, '2022-08-05', '13.26'),
(742, 31, 633, '2021-07-02', '15.62'),
(743, 44, 263, '2023-09-26', '17.92'),
(744, 43, 379, '2021-01-11', '12.03'),
(745, 47, 126, '2022-01-24', '14.67'),
(746, 6, 903, '2021-06-14', '16.97'),
(747, 15, 551, '2020-03-25', '14.19'),
(748, 30, 242, '2023-04-02', '17.18'),
(749, 2, 158, '2023-02-27', '16.58'),
(750, 39, 963, '2023-12-21', '16.05'),
(751, 44, 203, '2023-07-09', '11.80'),
(752, 6, 462, '2021-07-14', '16.97'),
(753, 24, 616, '2022-06-24', '14.29'),
(754, 46, 306, '2023-12-10', '12.52'),
(755, 22, 169, '2024-11-14', '11.71'),
(756, 2, 590, '2022-09-28', '15.89'),
(757, 19, 483, '2024-08-19', '15.20'),
(758, 39, 883, '2021-09-22', '12.15'),
(759, 44, 491, '2022-11-13', '10.03'),
(760, 26, 657, '2022-08-21', '14.10'),
(761, 29, 868, '2024-01-10', '14.54'),
(762, 29, 485, '2024-08-30', '17.57'),
(763, 28, 261, '2023-06-10', '10.89'),
(764, 44, 723, '2024-06-10', '12.66'),
(765, 33, 296, '2023-05-31', '15.82'),
(766, 39, 700, '2023-09-12', '11.59'),
(767, 5, 180, '2022-10-27', '11.78'),
(768, 18, 167, '2024-04-17', '15.23'),
(769, 30, 240, '2022-05-21', '15.55'),
(770, 45, 308, '2021-01-20', '16.29'),
(771, 39, 153, '2022-02-01', '11.35'),
(772, 33, 822, '2021-12-23', '10.72'),
(773, 28, 996, '2023-11-09', '15.13'),
(774, 37, 772, '2024-02-14', '12.36'),
(775, 18, 832, '2024-02-21', '10.04'),
(776, 14, 899, '2023-02-18', '10.44'),
(777, 38, 86, '2022-04-12', '15.75'),
(778, 14, 621, '2024-11-23', '15.05'),
(779, 4, 331, '2020-09-08', '12.30'),
(780, 11, 67, '2021-01-28', '12.45'),
(781, 50, 956, '2024-07-28', '13.85'),
(782, 24, 585, '2024-02-12', '11.56'),
(783, 24, 342, '2022-10-21', '10.95'),
(784, 24, 146, '2021-12-25', '12.50'),
(785, 9, 772, '2021-05-15', '14.44'),
(786, 41, 956, '2022-04-30', '15.70'),
(787, 6, 956, '2022-06-25', '11.71'),
(788, 38, 942, '2023-02-11', '10.15'),
(789, 12, 142, '2023-03-28', '13.33'),
(790, 17, 711, '2022-03-05', '14.51'),
(791, 26, 450, '2020-02-03', '13.05'),
(792, 6, 702, '2020-12-02', '14.44'),
(793, 48, 674, '2024-09-08', '16.82'),
(794, 7, 591, '2021-03-04', '16.53'),
(795, 39, 212, '2024-06-24', '16.09'),
(796, 31, 811, '2021-06-10', '10.90'),
(797, 23, 463, '2020-01-25', '13.62'),
(798, 43, 907, '2023-10-13', '17.07'),
(799, 44, 860, '2020-02-20', '17.48'),
(800, 47, 208, '2020-06-15', '15.12'),
(801, 42, 779, '2022-03-25', '12.48'),
(802, 24, 102, '2021-02-04', '16.33'),
(803, 6, 758, '2023-02-11', '12.59'),
(804, 48, 849, '2022-05-29', '11.38'),
(805, 46, 123, '2023-07-05', '12.79'),
(806, 43, 367, '2020-10-26', '12.21'),
(807, 20, 181, '2024-10-26', '14.85'),
(808, 12, 298, '2022-01-01', '17.30'),
(809, 19, 79, '2024-11-12', '16.63'),
(810, 47, 724, '2024-08-21', '17.47'),
(811, 27, 201, '2024-11-15', '13.35'),
(812, 40, 621, '2020-07-20', '11.26'),
(813, 5, 234, '2022-01-06', '17.68'),
(814, 28, 213, '2023-08-27', '11.55'),
(815, 3, 675, '2023-06-03', '13.55'),
(816, 11, 172, '2023-08-27', '16.79'),
(817, 42, 812, '2021-11-17', '16.46'),
(818, 49, 581, '2024-06-12', '15.99'),
(819, 22, 56, '2024-04-10', '13.67'),
(820, 3, 707, '2022-06-29', '15.85'),
(821, 25, 851, '2022-09-05', '13.37'),
(822, 18, 624, '2021-05-28', '14.85'),
(823, 29, 281, '2020-09-22', '12.10'),
(824, 25, 237, '2020-01-07', '16.88'),
(825, 19, 930, '2023-10-25', '13.82'),
(826, 33, 294, '2022-01-19', '16.50'),
(827, 47, 862, '2023-06-16', '16.02'),
(828, 29, 671, '2022-01-13', '15.78'),
(829, 26, 625, '2021-02-21', '13.04'),
(830, 7, 241, '2022-09-18', '12.65'),
(831, 5, 821, '2024-04-13', '17.73'),
(832, 7, 677, '2024-09-19', '17.13'),
(833, 33, 318, '2022-11-18', '16.35'),
(834, 39, 729, '2022-07-15', '16.15'),
(835, 24, 216, '2024-01-20', '17.44'),
(836, 48, 699, '2023-02-06', '14.69'),
(837, 27, 453, '2021-03-23', '10.33'),
(838, 23, 808, '2024-05-27', '12.55'),
(839, 7, 869, '2023-05-14', '10.01'),
(840, 27, 754, '2022-06-10', '10.25'),
(841, 43, 759, '2024-09-04', '13.90'),
(842, 18, 603, '2024-08-28', '10.83'),
(843, 14, 148, '2020-05-04', '11.06'),
(844, 21, 794, '2022-06-29', '17.85'),
(845, 33, 480, '2022-06-29', '11.93'),
(846, 14, 899, '2023-06-16', '14.11'),
(847, 39, 682, '2024-09-10', '14.61'),
(848, 21, 991, '2024-06-19', '12.26'),
(849, 41, 86, '2021-02-17', '17.54'),
(850, 4, 924, '2024-02-08', '16.59'),
(851, 46, 505, '2020-02-21', '11.37'),
(852, 13, 240, '2021-07-28', '11.62'),
(853, 26, 414, '2024-05-18', '13.40'),
(854, 6, 994, '2024-12-16', '16.36'),
(855, 24, 838, '2024-02-14', '17.40'),
(856, 7, 724, '2021-08-25', '13.94'),
(857, 33, 130, '2024-01-18', '10.06'),
(858, 6, 53, '2022-05-31', '10.49'),
(859, 6, 439, '2020-04-16', '14.68'),
(860, 17, 678, '2020-01-28', '16.01'),
(861, 3, 308, '2021-02-25', '15.24'),
(862, 44, 376, '2022-07-03', '15.84'),
(863, 41, 286, '2023-08-28', '14.07'),
(864, 28, 545, '2024-02-16', '14.61'),
(865, 18, 270, '2022-05-26', '10.48'),
(866, 35, 142, '2022-03-01', '10.43'),
(867, 14, 387, '2022-01-26', '15.33'),
(868, 15, 235, '2020-10-07', '14.02'),
(869, 40, 300, '2023-09-13', '17.47'),
(870, 24, 856, '2021-06-19', '14.19'),
(871, 14, 181, '2022-03-17', '16.84'),
(872, 13, 776, '2020-01-12', '10.86'),
(873, 1, 825, '2022-10-27', '14.12'),
(874, 31, 857, '2023-08-02', '15.43'),
(875, 22, 626, '2023-05-14', '14.17'),
(876, 24, 804, '2020-09-17', '16.10'),
(877, 48, 641, '2020-01-26', '13.74'),
(878, 9, 217, '2023-04-10', '16.30'),
(879, 9, 347, '2023-09-23', '15.41'),
(880, 42, 768, '2023-01-09', '13.83'),
(881, 40, 480, '2023-05-10', '12.51'),
(882, 1, 657, '2024-02-20', '15.26'),
(883, 27, 163, '2023-03-22', '16.72'),
(884, 30, 200, '2023-04-12', '11.43'),
(885, 49, 179, '2022-01-27', '13.30'),
(886, 23, 1000, '2022-05-30', '14.40'),
(887, 41, 607, '2023-02-19', '16.51'),
(888, 35, 577, '2024-02-12', '14.42'),
(889, 42, 75, '2022-07-26', '16.27'),
(890, 22, 845, '2024-10-25', '11.60'),
(891, 32, 269, '2022-01-29', '16.85'),
(892, 19, 401, '2020-09-02', '15.55'),
(893, 3, 402, '2024-08-17', '14.16'),
(894, 34, 570, '2020-06-01', '17.54'),
(895, 16, 703, '2020-04-27', '17.04'),
(896, 18, 424, '2022-09-03', '13.60'),
(897, 36, 432, '2023-08-11', '12.59'),
(898, 11, 737, '2022-05-28', '14.17'),
(899, 41, 915, '2023-09-04', '15.40'),
(900, 35, 145, '2024-10-03', '10.12'),
(901, 21, 259, '2022-12-31', '15.77'),
(902, 50, 721, '2021-11-14', '14.53'),
(903, 50, 106, '2023-06-05', '12.71'),
(904, 25, 326, '2024-03-17', '16.38'),
(905, 15, 560, '2022-07-08', '16.72'),
(906, 35, 530, '2021-11-30', '13.22'),
(907, 16, 666, '2024-05-18', '14.92'),
(908, 16, 941, '2022-02-13', '11.53'),
(909, 13, 142, '2024-08-23', '10.34'),
(910, 25, 572, '2023-11-13', '10.18'),
(911, 35, 453, '2020-08-31', '10.78'),
(912, 28, 378, '2023-09-28', '11.70'),
(913, 9, 250, '2020-02-20', '17.76'),
(914, 23, 331, '2023-06-18', '17.66'),
(915, 50, 645, '2022-05-28', '17.75'),
(916, 11, 236, '2022-05-06', '15.71'),
(917, 27, 869, '2023-01-03', '17.68'),
(918, 49, 580, '2020-02-22', '16.49'),
(919, 2, 526, '2020-10-09', '16.07'),
(920, 23, 190, '2023-06-19', '14.26'),
(921, 14, 70, '2020-04-28', '10.38'),
(922, 9, 538, '2023-11-03', '17.82'),
(923, 30, 736, '2023-07-25', '11.18'),
(924, 23, 123, '2023-07-12', '13.81'),
(925, 36, 941, '2020-03-11', '15.21'),
(926, 10, 569, '2024-12-17', '10.11'),
(927, 27, 24, '2024-03-16', '15.69'),
(928, 47, 550, '2020-10-25', '17.73'),
(929, 28, 863, '2022-05-04', '13.97'),
(930, 9, 145, '2022-12-16', '15.23'),
(931, 50, 719, '2024-01-25', '17.84'),
(932, 40, 533, '2021-06-23', '10.40'),
(933, 20, 222, '2021-01-02', '13.28'),
(934, 25, 36, '2021-04-03', '15.72'),
(935, 15, 489, '2023-10-21', '16.91'),
(936, 48, 407, '2024-12-28', '10.54'),
(937, 18, 297, '2024-04-04', '14.80'),
(938, 34, 463, '2020-12-21', '15.23'),
(939, 33, 142, '2022-08-27', '10.94'),
(940, 44, 422, '2024-03-11', '10.64'),
(941, 46, 450, '2020-09-22', '10.81'),
(942, 21, 823, '2024-01-16', '11.21'),
(943, 24, 908, '2023-12-20', '10.50'),
(944, 49, 788, '2020-12-14', '10.22'),
(945, 45, 673, '2020-03-25', '12.62'),
(946, 43, 570, '2021-04-11', '16.12'),
(947, 14, 871, '2020-11-25', '11.01'),
(948, 48, 551, '2024-11-10', '15.03'),
(949, 43, 423, '2021-06-01', '13.80'),
(950, 48, 182, '2024-07-15', '14.63'),
(951, 47, 758, '2022-09-25', '16.08'),
(952, 47, 11, '2021-01-08', '10.07'),
(953, 34, 625, '2024-09-07', '10.85'),
(954, 14, 648, '2020-10-29', '17.56'),
(955, 21, 437, '2022-06-24', '15.70'),
(956, 48, 6, '2021-12-20', '16.00'),
(957, 44, 624, '2024-07-15', '10.07'),
(958, 35, 888, '2020-07-16', '15.41'),
(959, 1, 607, '2022-02-02', '10.06'),
(960, 18, 220, '2024-05-14', '11.28'),
(961, 6, 796, '2022-09-26', '11.45'),
(962, 8, 311, '2022-11-19', '10.41'),
(963, 36, 68, '2024-09-16', '11.45'),
(964, 4, 445, '2020-10-30', '12.39'),
(965, 27, 627, '2020-11-18', '17.73'),
(966, 11, 124, '2020-10-04', '10.58'),
(967, 50, 353, '2024-01-29', '13.82'),
(968, 23, 290, '2022-01-11', '10.56'),
(969, 9, 447, '2023-07-20', '12.32'),
(970, 34, 894, '2024-08-05', '10.74'),
(971, 2, 399, '2020-05-10', '11.20'),
(972, 50, 608, '2024-03-10', '12.18'),
(973, 25, 221, '2022-01-13', '10.04'),
(974, 43, 798, '2024-04-30', '10.72'),
(975, 47, 290, '2024-08-14', '16.54'),
(976, 5, 820, '2023-03-26', '16.66'),
(977, 18, 259, '2023-07-06', '15.70'),
(978, 21, 743, '2024-10-18', '13.24'),
(979, 49, 788, '2020-02-28', '10.45'),
(980, 15, 494, '2022-05-19', '13.97'),
(981, 20, 670, '2023-11-04', '14.46'),
(982, 36, 414, '2022-12-02', '11.27'),
(983, 1, 479, '2022-10-05', '12.95'),
(984, 2, 607, '2022-04-18', '13.68'),
(985, 25, 418, '2021-10-10', '16.30'),
(986, 32, 467, '2021-09-12', '14.03'),
(987, 8, 445, '2020-05-04', '16.71'),
(988, 4, 499, '2020-09-17', '12.20'),
(989, 2, 962, '2024-03-02', '13.02'),
(990, 16, 877, '2022-07-08', '16.14'),
(991, 41, 936, '2020-05-03', '13.70'),
(992, 20, 916, '2024-03-23', '17.77'),
(993, 14, 244, '2021-11-10', '11.03'),
(994, 6, 337, '2024-12-06', '15.85'),
(995, 9, 95, '2021-03-07', '16.64'),
(996, 11, 41, '2024-07-15', '15.07'),
(997, 2, 32, '2022-05-23', '17.99'),
(998, 32, 34, '2024-07-28', '15.29'),
(999, 29, 953, '2020-08-21', '13.20'),
(1000, 7, 707, '2020-12-21', '13.26');

--
-- Index pour les tables déchargées
--

--
-- Index pour la table `Customers`
--
ALTER TABLE `Customers`
  ADD PRIMARY KEY (`id`);

--
-- Index pour la table `Movies`
--
ALTER TABLE `Movies`
  ADD PRIMARY KEY (`id`);

--
-- Index pour la table `Rentals`
--
ALTER TABLE `Rentals`
  ADD PRIMARY KEY (`id`),
  ADD KEY `customer_id` (`customer_id`),
  ADD KEY `movie_id` (`movie_id`);

--
-- AUTO_INCREMENT pour les tables déchargées
--

--
-- AUTO_INCREMENT pour la table `Customers`
--
ALTER TABLE `Customers`
  MODIFY `id` int(11) NOT NULL AUTO_INCREMENT, AUTO_INCREMENT=51;

--
-- AUTO_INCREMENT pour la table `Movies`
--
ALTER TABLE `Movies`
  MODIFY `id` int(11) NOT NULL AUTO_INCREMENT, AUTO_INCREMENT=1001;

--
-- AUTO_INCREMENT pour la table `Rentals`
--
ALTER TABLE `Rentals`
  MODIFY `id` int(11) NOT NULL AUTO_INCREMENT, AUTO_INCREMENT=1001;

--
-- Contraintes pour les tables déchargées
--

--
-- Contraintes pour la table `Rentals`
--
ALTER TABLE `Rentals`
  ADD CONSTRAINT `rentals_ibfk_1` FOREIGN KEY (`customer_id`) REFERENCES `Customers` (`id`),
  ADD CONSTRAINT `rentals_ibfk_2` FOREIGN KEY (`movie_id`) REFERENCES `Movies` (`id`);
COMMIT;

/*!40101 SET CHARACTER_SET_CLIENT=@OLD_CHARACTER_SET_CLIENT */;
/*!40101 SET CHARACTER_SET_RESULTS=@OLD_CHARACTER_SET_RESULTS */;
/*!40101 SET COLLATION_CONNECTION=@OLD_COLLATION_CONNECTION */;
